snapshot_id,brand,market,currency,observed_at,source_effective_date,reference_code,product_name,price_status,price,material_raw,color,dimensions_raw,source_url,extraction_method,page_status,notes
refresh_2026-09-07_us:Chanel:AS6568B25713UD698,Chanel,US,USD,2026-09-07T17:48:15+08:00,2026-09-07,AS6568B25713UD698,"Flap Bag",numeric,7100,"Suede Calfskin Patchwork & Gold-Tone Metal","Beige, Gray, Red & Black",,"https://www.chanel.com/us/fashion/p/AS6568B25713UD698/flap-bag-suede-calfskin-patchwork-gold-tone-metal/",browser_rendered_dom,ok,"Live detail DOM; numeric dimensions not exposed in visible page."
refresh_2026-09-07_us:Chanel:AS6627B25748U7942,Chanel,US,USD,2026-09-07T17:48:15+08:00,2026-09-07,AS6627B25748U7942,"Maxi Flap Bag",numeric,8700,"Suede Calfskin & Gold-Tone Metal",Burgundy,,"https://www.chanel.com/us/fashion/p/AS6627B25748U7942/maxi-flap-bag-suede-calfskin-gold-tone-metal/",browser_rendered_dom,ok,"Live detail DOM; numeric dimensions not exposed in visible page."
refresh_2026-09-07_us:Chanel:AS6495B25347UC476,Chanel,US,USD,2026-09-07T17:48:15+08:00,2026-09-07,AS6495B25347UC476,"Small Shopping Bag",numeric,6600,"Lambskin & Gold-Tone Metal","Dark Brown",,"https://www.chanel.com/us/fashion/p/AS6495B25347UC476/small-shopping-bag-lambskin-gold-tone-metal/",browser_rendered_dom,ok,"Live detail DOM; numeric dimensions not exposed in visible page."
refresh_2026-09-07_us:Chanel:AS6498B25468UC476,Chanel,US,USD,2026-09-07T17:48:15+08:00,2026-09-07,AS6498B25468UC476,"Small Flap Bag",numeric,5900,"Patinated Lambskin & Gold-Tone Metal","Dark Brown",,"https://www.chanel.com/us/fashion/p/AS6498B25468UC476/small-flap-bag-patinated-lambskin-gold-tone-metal/",browser_rendered_dom,ok,"Live detail DOM; numeric dimensions not exposed in visible page."
refresh_2026-09-07_us:Chanel:AS6497B25468UC476,Chanel,US,USD,2026-09-07T17:48:15+08:00,2026-09-07,AS6497B25468UC476,"Flap Bag",numeric,6700,"Patinated Lambskin & Gold-Tone Metal","Dark Brown",,"https://www.chanel.com/us/fashion/p/AS6497B25468UC476/flap-bag-patinated-lambskin-gold-tone-metal/",browser_rendered_dom,ok,"Live detail DOM; numeric dimensions not exposed in visible page."
refresh_2026-09-07_us:Chanel:AS6495B25347UA954,Chanel,US,USD,2026-09-07T17:48:15+08:00,2026-09-07,AS6495B25347UA954,"Small Shopping Bag",numeric,6600,"Lambskin & Gold-Tone Metal","Light Pink",,"https://www.chanel.com/us/fashion/p/AS6495B25347UA954/small-shopping-bag-lambskin-gold-tone-metal/",browser_rendered_dom,ok,"Live detail DOM; numeric dimensions not exposed in visible page."
refresh_2026-09-07_us:Chanel:AS5631B24704UA954,Chanel,US,USD,2026-09-07T17:48:15+08:00,2026-09-07,AS5631B24704UA954,"Chanel 25 Mini Handbag",numeric,6300,"Grained Calfskin & Gold-Tone Metal","Light Pink",,"https://www.chanel.com/us/fashion/p/AS5631B24704UA954/chanel-25-mini-handbag-grained-calfskin-gold-tone-metal/",browser_rendered_dom,ok,"Live detail DOM; numeric dimensions not exposed in visible page."
refresh_2026-09-07_us:Chanel:AS5293B24704UC018,Chanel,US,USD,2026-09-07T17:48:15+08:00,2026-09-07,AS5293B24704UC018,"Chanel 25 Small Handbag",numeric,6700,"Grained Calfskin & Gold-Tone Metal",Green,,"https://www.chanel.com/us/fashion/p/AS5293B24704UC018/chanel-25-small-handbag-grained-calfskin-gold-tone-metal/",browser_rendered_dom,ok,"Live detail DOM; numeric dimensions not exposed in visible page."
refresh_2026-09-07_us:Chanel:AS6627B24009U3951,Chanel,US,USD,2026-09-07T17:48:15+08:00,2026-09-07,AS6627B24009U3951,"Maxi Flap Bag",numeric,8500,"Suede Calfskin & Gold-Tone Metal",Khaki,,"https://www.chanel.com/us/fashion/p/AS6627B24009U3951/maxi-flap-bag-suede-calfskin-gold-tone-metal/",browser_rendered_dom,ok,"Live detail DOM; numeric dimensions not exposed in visible page."
refresh_2026-09-07_us:Chanel:AS6465B25591UA848,Chanel,US,USD,2026-09-07T17:48:15+08:00,2026-09-07,AS6465B25591UA848,Backpack,numeric,7400,"Suede Calfskin & Gold-Tone Metal","Dark Gray",,"https://www.chanel.com/us/fashion/p/AS6465B25591UA848/backpack-suede-calfskin-gold-tone-metal/",browser_rendered_dom,ok,"Live detail DOM; numeric dimensions not exposed in visible page."
refresh_2026-09-07_us:Chanel:AS6231B24332UA206,Chanel,US,USD,2026-09-07T17:48:15+08:00,2026-09-07,AS6231B24332UA206,"Maxi Flap Bag",numeric,8500,"Grained Calfskin & Gold-Tone Metal",Gray,,"https://www.chanel.com/us/fashion/p/AS6231B24332UA206/maxi-flap-bag-grained-calfskin-gold-tone-metal/",browser_rendered_dom,ok,"Live detail DOM; numeric dimensions not exposed in visible page."
refresh_2026-09-07_us:Chanel:AS6627B24009UA848,Chanel,US,USD,2026-09-07T17:48:15+08:00,2026-09-07,AS6627B24009UA848,"Maxi Flap Bag",numeric,8500,"Suede Calfskin & Gold-Tone Metal","Dark Gray",,"https://www.chanel.com/us/fashion/p/AS6627B24009UA848/maxi-flap-bag-suede-calfskin-gold-tone-metal/",browser_rendered_dom,ok,"Live detail DOM; numeric dimensions not exposed in visible page."
refresh_2026-09-07_us:Chanel:A01113Y04059UB639,Chanel,US,USD,2026-09-07T17:48:15+08:00,2026-09-07,A01113Y04059UB639,"Small Classic Handbag",numeric,11300,"Lambskin & Gold-Tone Metal","Dark Blue",,"https://www.chanel.com/us/fashion/p/A01113Y04059UB639/small-classic-handbag-lambskin-gold-tone-metal/",browser_rendered_dom,ok,"Live detail DOM; numeric dimensions not exposed in visible page."
refresh_2026-09-07_us:Chanel:AS6475B25599UD180,Chanel,US,USD,2026-09-07T17:48:15+08:00,2026-09-07,AS6475B25599UD180,"Shopping Bag",numeric,7300,"Suede Calfskin & Gold-Tone Metal",Blue,,"https://www.chanel.com/us/fashion/p/AS6475B25599UD180/shopping-bag-suede-calfskin-gold-tone-metal/",browser_rendered_dom,ok,"Live detail DOM; numeric dimensions not exposed in visible page."
refresh_2026-09-07_us:Chanel:AS5293B25798UC713,Chanel,US,USD,2026-09-07T17:48:15+08:00,2026-09-07,AS5293B25798UC713,"Chanel 25 Small Handbag",numeric,6200,"Felt & Gold-Tone Metal","Dark Gray",,"https://www.chanel.com/us/fashion/p/AS5293B25798UC713/chanel-25-small-handbag-felt-gold-tone-metal/",browser_rendered_dom,ok,"Live detail DOM; numeric dimensions not exposed in visible page."
refresh_2026-09-07_us:Chanel:AS5293B25865NJ262,Chanel,US,USD,2026-09-07T17:48:15+08:00,2026-09-07,AS5293B25865NJ262,"Chanel 25 Small Handbag",numeric,8900,"Shearling Sheepskin & Gold-Tone Metal",Beige,,"https://www.chanel.com/us/fashion/p/AS5293B25865NJ262/chanel-25-small-handbag-shearling-sheepskin-gold-tone-metal/",browser_rendered_dom,ok,"Live detail DOM; numeric dimensions not exposed in visible page."
refresh_2026-09-07_us:Chanel:AS6627B25600U4037,Chanel,US,USD,2026-09-07T17:48:15+08:00,2026-09-07,AS6627B25600U4037,"Maxi Flap Bag",numeric,9800,"Shearling Lambskin & Gold-Tone Metal",Beige,,"https://www.chanel.com/us/fashion/p/AS6627B25600U4037/maxi-flap-bag-shearling-lambskin-gold-tone-metal/",browser_rendered_dom,ok,"Live detail DOM; numeric dimensions not exposed in visible page."
refresh_2026-09-07_us:Chanel:AS6617B2621894305,Chanel,US,USD,2026-09-07T17:48:15+08:00,2026-09-07,AS6617B2621894305,"Small Hobo Bag",numeric,5200,"Calfskin & Gold-Tone Metal",Black,,"https://www.chanel.com/us/fashion/p/AS6617B2621894305/small-hobo-bag-calfskin-gold-tone-metal/",browser_rendered_dom,ok,"Live detail DOM; numeric dimensions not exposed in visible page."
refresh_2026-09-07_us:Chanel:AS6584B25946UD575,Chanel,US,USD,2026-09-07T17:48:15+08:00,2026-09-07,AS6584B25946UD575,"Bucket Bag",numeric,6700,"Suede Calfskin, Calfskin & Gold-Tone Metal","Dark Beige & Black",,"https://www.chanel.com/us/fashion/p/AS6584B25946UD575/bucket-bag-suede-calfskin-calfskin-gold-tone-metal/",browser_rendered_dom,ok,"Live detail DOM; numeric dimensions not exposed in visible page."
refresh_2026-09-07_us:Chanel:AS6580B24074U9390,Chanel,US,USD,2026-09-07T17:48:15+08:00,2026-09-07,AS6580B24074U9390,"Large Bowling Bag",numeric,6500,"Suede Calfskin, Calfskin & Gold-Tone Metal","Dark Beige",,"https://www.chanel.com/us/fashion/p/AS6580B24074U9390/large-bowling-bag-suede-calfskin-calfskin-gold-tone-metal/",browser_rendered_dom,ok,"Live detail DOM; numeric dimensions not exposed in visible page."
refresh_2026-09-07_us:Hermès:H085414CKAO,Hermès,US,USD,2026-09-07T17:48:15+08:00,2026-09-07,H085414CKAO,"Herbag Zip 20 bag",numeric,3200,,"Beige/Natural",,"https://www.hermes.com/us/en/product/herbag-zip-20-bag-H085414CKAO/",browser_rendered_dom,ok,"Live category DOM; material and numeric dimensions pending product-master pass."
refresh_2026-09-07_us:Hermès:H087076CKAB,Hermès,US,USD,2026-09-07T17:48:15+08:00,2026-09-07,H087076CKAB,"Lassoie Hermès bag",numeric,4700,,Blue,,"https://www.hermes.com/us/en/product/lassoie-hermes-bag-H087076CKAB/",browser_rendered_dom,ok,"Live category DOM; material and numeric dimensions pending product-master pass."
refresh_2026-09-07_us:Hermès:H087119CKAA,Hermès,US,USD,2026-09-07T17:48:15+08:00,2026-09-07,H087119CKAA,"Jypsiere mini Toile & Cuir bag",numeric,9350,,"Beige/Natural",,"https://www.hermes.com/us/en/product/jypsiere-mini-toile-and-cuir-bag-H087119CKAA/",browser_rendered_dom,ok,"Live category DOM; material and numeric dimensions pending product-master pass."
refresh_2026-09-07_us:Hermès:H083969CKAU,Hermès,US,USD,2026-09-07T17:48:15+08:00,2026-09-07,H083969CKAU,"Bolide on Wheels bag",numeric,20600,,Blue,,"https://www.hermes.com/us/en/product/bolide-on-wheels-bag-H083969CKAU/",browser_rendered_dom,ok,"Live category DOM; material and numeric dimensions pending product-master pass."
refresh_2026-09-07_us:Hermès:H085054CK37,Hermès,US,USD,2026-09-07T17:48:15+08:00,2026-09-07,H085054CK37,"So Medor bag",numeric,8400,,"Beige/Natural",,"https://www.hermes.com/us/en/product/so-medor-bag-H085054CK37/",browser_rendered_dom,ok,"Live category DOM; material and numeric dimensions pending product-master pass."
refresh_2026-09-07_us:Hermès:H069523CCBZ,Hermès,US,USD,2026-09-07T17:48:15+08:00,2026-09-07,H069523CCBZ,"Halzan mini bag",numeric,6500,,Blue,,"https://www.hermes.com/us/en/product/halzan-mini-bag-H069523CCBZ/",browser_rendered_dom,ok,"Live category DOM; material and numeric dimensions pending product-master pass."
refresh_2026-09-07_us:Hermès:H088914CK37,Hermès,US,USD,2026-09-07T17:48:15+08:00,2026-09-07,H088914CK37,"Hermès Videpoches bag",numeric,5500,,"Beige/Natural",,"https://www.hermes.com/us/en/product/hermes-videpoches-bag-H088914CK37/",browser_rendered_dom,ok,"Live category DOM; material and numeric dimensions pending product-master pass."
refresh_2026-09-07_us:Hermès:H071240C0AV,Hermès,US,USD,2026-09-07T17:48:15+08:00,2026-09-07,H071240C0AV,"Jige Elan 29 clutch",numeric,5500,,Blue,,"https://www.hermes.com/us/en/product/jige-elan-29-clutch-H071240C0AV/",browser_rendered_dom,ok,"Live category DOM; material and numeric dimensions pending product-master pass."
refresh_2026-09-07_us:Hermès:H087960CT89,Hermès,US,USD,2026-09-07T17:48:15+08:00,2026-09-07,H087960CT89,"Mallette bag",numeric,14200,,Black,,"https://www.hermes.com/us/en/product/mallette-bag-H087960CT89/",browser_rendered_dom,ok,"Live category DOM; material and numeric dimensions pending product-master pass."
refresh_2026-09-07_us:Hermès:H086962CK0G,Hermès,US,USD,2026-09-07T17:48:15+08:00,2026-09-07,H086962CK0G,"Sanglons clutch",numeric,7100,,Red,,"https://www.hermes.com/us/en/product/sanglons-clutch-H086962CK0G/",browser_rendered_dom,ok,"Live category DOM; material and numeric dimensions pending product-master pass."
refresh_2026-09-07_us:Hermès:H086915CK89,Hermès,US,USD,2026-09-07T17:48:15+08:00,2026-09-07,H086915CK89,"Poche Cliquetis bag",numeric,8100,,Black,,"https://www.hermes.com/us/en/product/poche-cliquetis-bag-H086915CK89/",browser_rendered_dom,ok,"Live category DOM; material and numeric dimensions pending product-master pass."
refresh_2026-09-07_us:Hermès:H085690CKBF,Hermès,US,USD,2026-09-07T17:48:15+08:00,2026-09-07,H085690CKBF,"Hermès In-the-Loop 18 bag",numeric,5350,,"Beige/Natural",,"https://www.hermes.com/us/en/product/hermes-in-the-loop-18-bag-H085690CKBF/",browser_rendered_dom,ok,"Live category DOM; material and numeric dimensions pending product-master pass."
refresh_2026-09-07_us:Hermès:H087950CK89,Hermès,US,USD,2026-09-07T17:48:15+08:00,2026-09-07,H087950CK89,"Mini Medor bag",numeric,7300,,Black,,"https://www.hermes.com/us/en/product/mini-medor-bag-H087950CK89/",browser_rendered_dom,ok,"Live category DOM; material and numeric dimensions pending product-master pass."
refresh_2026-09-07_us:Hermès:H086717CKAC,Hermès,US,USD,2026-09-07T17:48:15+08:00,2026-09-07,H086717CKAC,"Neo Garden Voyage 41 bag",numeric,5450,,Black,,"https://www.hermes.com/us/en/product/neo-garden-voyage-41-bag-H086717CKAC/",browser_rendered_dom,ok,"Live category DOM; material and numeric dimensions pending product-master pass."
refresh_2026-09-07_us:Hermès:H082901CCCA,Hermès,US,USD,2026-09-07T17:48:15+08:00,2026-09-07,H082901CCCA,"Bolide 1923 - 25 verso bag",numeric,8950,,"Beige/Natural",,"https://www.hermes.com/us/en/product/bolide-1923-25-verso-bag-H082901CCCA/",browser_rendered_dom,ok,"Live category DOM; material and numeric dimensions pending product-master pass."
refresh_2026-09-07_us:Hermès:H089099CAAA,Hermès,US,USD,2026-09-07T17:48:15+08:00,2026-09-07,H089099CAAA,"Neo Double Sens 35 bicolor bag",numeric,5850,,Blue,,"https://www.hermes.com/us/en/product/neo-double-sens-35-bicolor-bag-H089099CAAA/",browser_rendered_dom,ok,"Live category DOM; material and numeric dimensions pending product-master pass."
refresh_2026-09-07_us:Hermès:H087987CK89,Hermès,US,USD,2026-09-07T17:48:15+08:00,2026-09-07,H087987CK89,"Hermès Videpoches bag",numeric,3975,,Black,,"https://www.hermes.com/us/en/product/hermes-videpoches-bag-H087987CK89/",browser_rendered_dom,ok,"Live category DOM; material and numeric dimensions pending product-master pass."
refresh_2026-09-07_us:Hermès:H087934CKAA,Hermès,US,USD,2026-09-07T17:48:15+08:00,2026-09-07,H087934CKAA,"Neo Garden Voyage 41 bredies bag",numeric,9900,,Black,,"https://www.hermes.com/us/en/product/neo-garden-voyage-41-bredies-bag-H087934CKAA/",browser_rendered_dom,ok,"Live category DOM; material and numeric dimensions pending product-master pass."
refresh_2026-09-07_us:Hermès:H087987CKH0,Hermès,US,USD,2026-09-07T17:48:15+08:00,2026-09-07,H087987CKH0,"Hermès Videpoches bag",numeric,3975,,Grey,,"https://www.hermes.com/us/en/product/hermes-videpoches-bag-H087987CKH0/",browser_rendered_dom,ok,"Live category DOM; material and numeric dimensions pending product-master pass."
refresh_2026-09-07_us:Hermès:H086717CKAH,Hermès,US,USD,2026-09-07T17:48:15+08:00,2026-09-07,H086717CKAH,"Neo Garden Voyage 41 bag",numeric,5450,,Grey,,"https://www.hermes.com/us/en/product/neo-garden-voyage-41-bag-H086717CKAH/",browser_rendered_dom,ok,"Live category DOM; material and numeric dimensions pending product-master pass."
refresh_2026-09-07_us:Hermès:H084948CK89,Hermès,US,USD,2026-09-07T17:48:15+08:00,2026-09-07,H084948CK89,"En Piste clutch",numeric,7650,,Black,,"https://www.hermes.com/us/en/product/en-piste-clutch-H084948CK89/",browser_rendered_dom,ok,"Live category DOM; material and numeric dimensions pending product-master pass."
refresh_2026-09-07_us:Louis Vuitton:M27242,"Louis Vuitton",US,USD,2026-09-07T17:48:15+08:00,2026-09-07,M27242,"Wallet On Chain Trotter",numeric,1750,"Monogram coated canvas",,"8.5 x 4.9 x 1.2 inches","https://us.louisvuitton.com/eng-us/products/wallet-on-chain-trotter-monogram-nvprod7960004v/M27242",browser_rendered_dom,ok,"Live detail DOM."
refresh_2026-09-07_us:Louis Vuitton:M13567,"Louis Vuitton",US,USD,2026-09-07T17:48:15+08:00,2026-09-07,M13567,"Pochette Eva",numeric,1500,"Monogram coated canvas",,"10.6 x 4.3 x 2 inches","https://us.louisvuitton.com/eng-us/products/pochette-eva-monogram-nvprod6380091v/M13567",browser_rendered_dom,ok,"Live detail DOM."
refresh_2026-09-07_us:Louis Vuitton:M82766,"Louis Vuitton",US,USD,2026-09-07T17:48:15+08:00,2026-09-07,M82766,"Pochette Accessoires",numeric,1710,"Monogram coated canvas",,"9.3 x 5.3 x 1.6 inches","https://us.louisvuitton.com/eng-us/products/pochette-accessoires-monogram-nvprod4710018v/M82766",browser_rendered_dom,ok,"Live detail DOM."
refresh_2026-09-07_us:Louis Vuitton:M81896,"Louis Vuitton",US,USD,2026-09-07T17:48:15+08:00,2026-09-07,M81896,"Pochette Félicie",numeric,1630,"Monogram coated canvas",,"8.3 x 4.7 x 1.2 inches","https://us.louisvuitton.com/eng-us/products/felicie-pochette-monogram-nvprod4400082v/M81896",browser_rendered_dom,ok,"Live detail DOM."
refresh_2026-09-07_us:Louis Vuitton:M2A366,"Louis Vuitton",US,USD,2026-09-07T17:48:15+08:00,2026-09-07,M2A366,"All In BB",numeric,3350,"Calf leather",,"6.3 x 7.1 x 4.7 inches","https://us.louisvuitton.com/eng-us/products/low-key-all-in-bb-h31-nvprod6520136v/M2A366",browser_rendered_dom,ok,"Live detail DOM."
refresh_2026-09-07_us:Louis Vuitton:M2A467,"Louis Vuitton",US,USD,2026-09-07T17:48:15+08:00,2026-09-07,M2A467,"Neverfull Inside Out BB",numeric,2900,"Cowhide leather",,"10.4 x 6.5 x 4.3 inches","https://us.louisvuitton.com/eng-us/products/neverfull-bandouliere-inside-out-bb-h33-nvprod5770174v/M2A467",browser_rendered_dom,ok,"Live detail DOM."
refresh_2026-09-07_us:Louis Vuitton:M2A323,"Louis Vuitton",US,USD,2026-09-07T17:48:15+08:00,2026-09-07,M2A323,Hobo,numeric,3600,"Calf leather",,"9.4 x 11 x 6.3 inches","https://us.louisvuitton.com/eng-us/products/low-key-hobo-pm-h31-nvprod5580029v/M2A323",browser_rendered_dom,ok,"Live detail DOM."
refresh_2026-09-07_us:Louis Vuitton:M28354,"Louis Vuitton",US,USD,2026-09-07T17:48:15+08:00,2026-09-07,M28354,"Neverfull Inside Out MM",numeric,3200,"Cowhide leather",,"18.5 x 11 x 5.5 inches","https://us.louisvuitton.com/eng-us/products/neverfull-inside-out-mm-h33-nvprod5770173v/M28354",browser_rendered_dom,ok,"Live detail DOM."
refresh_2026-09-07_us:Louis Vuitton:M2A711,"Louis Vuitton",US,USD,2026-09-07T17:48:15+08:00,2026-09-07,M2A711,"Nano CarryAll",numeric,2050,"Monogram coated canvas",,"6.3 x 5.9 x 3.7 inches","https://us.louisvuitton.com/eng-us/products/nano-carryall-monogram-nvprod7890133v/M2A711",browser_rendered_dom,ok,"Live detail DOM."
refresh_2026-09-07_us:Louis Vuitton:M46203,"Louis Vuitton",US,USD,2026-09-07T17:48:15+08:00,2026-09-07,M46203,"CarryAll PM",numeric,2940,"Monogram coated canvas",,"11.4 x 9.4 x 4.7 inches","https://us.louisvuitton.com/eng-us/products/carryall-pm-monogram-nvprod3770016v/M46203",browser_rendered_dom,ok,"Live detail DOM."
refresh_2026-09-07_us:Louis Vuitton:M45832,"Louis Vuitton",US,USD,2026-09-07T17:48:15+08:00,2026-09-07,M45832,"Boulogne PM",numeric,2700,"Monogram coated canvas",,"10.2 x 6.3 x 3.7 inches","https://us.louisvuitton.com/eng-us/products/boulogne-pm-monogram-nvprod2900152v/M45832",browser_rendered_dom,ok,"Live detail DOM."
refresh_2026-09-07_us:Louis Vuitton:M46049,"Louis Vuitton",US,USD,2026-09-07T17:48:15+08:00,2026-09-07,M46049,Diane,numeric,2700,"Monogram coated canvas",,"9.4 x 5.9 x 3.5 inches","https://us.louisvuitton.com/eng-us/products/diane-monogram-nvprod3400009v/M46049",browser_rendered_dom,ok,"Live detail DOM."
refresh_2026-09-07_us:Louis Vuitton:M2A126,"Louis Vuitton",US,USD,2026-09-07T17:48:15+08:00,2026-09-07,M2A126,"Alma BB",numeric,2800,"Monogram Empreinte Leather",,"9.3 x 6.9 x 4.5 inches","https://us.louisvuitton.com/eng-us/products/alma-bb-monogram-empreinte-nvprod6890001v/M2A126",browser_rendered_dom,ok,"Live detail DOM."
refresh_2026-09-07_us:Louis Vuitton:M29977,"Louis Vuitton",US,USD,2026-09-07T17:48:15+08:00,2026-09-07,M29977,"Speedy Bandoulière 20",numeric,2850,"Monogram Empreinte Leather",,"8.1 x 5.3 x 4.7 inches","https://us.louisvuitton.com/eng-us/products/speedy-bandouliere-20-nvprod3160023v/M29977",browser_rendered_dom,ok,"Live detail DOM."
refresh_2026-09-07_us:Louis Vuitton:M2A335,"Louis Vuitton",US,USD,2026-09-07T17:48:15+08:00,2026-09-07,M2A335,Diane,numeric,2940,"Embossed cowhide leather",,"9.4 x 5.9 x 3.5 inches","https://us.louisvuitton.com/eng-us/products/diane-monogram-empreinte-nvprod6150009v/M2A335",browser_rendered_dom,ok,"Live detail DOM."
refresh_2026-09-07_us:Louis Vuitton:M2A011,"Louis Vuitton",US,USD,2026-09-07T17:48:15+08:00,2026-09-07,M2A011,"Nano Madeleine",numeric,2300,"Cowhide leather",,"8.3 x 4.9 x 2.4 inches","https://us.louisvuitton.com/eng-us/products/nano-madeleine-monogram-empreinte-nvprod5890028v/M2A011",browser_rendered_dom,ok,"Live detail DOM."
refresh_2026-09-07_us:Louis Vuitton:M46990,"Louis Vuitton",US,USD,2026-09-07T17:48:15+08:00,2026-09-07,M46990,"Alma BB",numeric,2000,"Monogram coated canvas",,"9.3 x 6.9 x 4.5 inches","https://us.louisvuitton.com/eng-us/products/alma-bb-monogram-nvprod5190086v/M46990",browser_rendered_dom,ok,"Live detail DOM."
refresh_2026-09-07_us:Louis Vuitton:M46784,"Louis Vuitton",US,USD,2026-09-07T17:48:15+08:00,2026-09-07,M46784,"High Rise",numeric,2020,"Monogram coated canvas",,"13.6 x 6.3 x 3 inches","https://us.louisvuitton.com/eng-us/products/high-rise-monogram-nvprod4690067v/M46784",browser_rendered_dom,ok,"Live detail DOM."
refresh_2026-09-07_us:Louis Vuitton:M46987,"Louis Vuitton",US,USD,2026-09-07T17:48:15+08:00,2026-09-07,M46987,"Neverfull MM",numeric,2240,"Monogram coated canvas",,"18.5 x 11 x 5.5 inches","https://us.louisvuitton.com/eng-us/products/neverfull-mm-monogram-nvprod5350101v/M46987",browser_rendered_dom,ok,"Live detail DOM."
refresh_2026-09-07_us:Louis Vuitton:M13039,"Louis Vuitton",US,USD,2026-09-07T17:48:15+08:00,2026-09-07,M13039,"Speedy Bandoulière 20",numeric,2330,"Monogram coated canvas",,"8.1 x 5.3 x 4.7 inches","https://us.louisvuitton.com/eng-us/products/speedy-bandouliere-20-monogram-nvprod6150004v/M13039",browser_rendered_dom,ok,"Live detail DOM."
refresh_2026-09-07_us:Dior:M1409OHST_M911,Dior,US,USD,2026-09-07T17:48:15+08:00,2026-09-07,M1409OHST_M911,"Medium Dior Promenade Shopping Bag",numeric,4500,Calfskin,Black,,"https://www.dior.com/en_us/fashion/products/M1409OHST_M911",browser_rendered_dom,ok,"Live detail DOM; numeric dimensions not exposed in visible size panel."
refresh_2026-09-07_us:Dior:M1410OHST_M911,Dior,US,USD,2026-09-07T17:48:15+08:00,2026-09-07,M1410OHST_M911,"Small Dior Promenade Shopping Bag",numeric,4000,Calfskin,Black,,"https://www.dior.com/en_us/fashion/products/M1410OHST_M911",browser_rendered_dom,ok,"Live detail DOM; numeric dimensions not exposed in visible size panel."
refresh_2026-09-07_us:Dior:M1410OHSU_M12E,Dior,US,USD,2026-09-07T17:48:15+08:00,2026-09-07,M1410OHSU_M12E,"Small Dior Promenade Shopping Bag",numeric,4000,"Suede calfskin","Marron Bobby",,"https://www.dior.com/en_us/fashion/products/M1410OHSU_M12E",browser_rendered_dom,ok,"Live detail DOM; numeric dimensions not exposed in visible size panel."
refresh_2026-09-07_us:Dior:M1410PHSU_M57G,Dior,US,USD,2026-09-07T17:48:15+08:00,2026-09-07,M1410PHSU_M57G,"Small Dior Promenade Shopping Bag",numeric,4000,"Suede calfskin","Gris Pietro",,"https://www.dior.com/en_us/fashion/products/M1410PHSU_M57G",browser_rendered_dom,ok,"Live detail DOM; numeric dimensions not exposed in visible size panel."
refresh_2026-09-07_us:Dior:M1409OHST_M16E,Dior,US,USD,2026-09-07T17:48:15+08:00,2026-09-07,M1409OHST_M16E,"Medium Dior Promenade Shopping Bag",numeric,4500,Calfskin,Glove,,"https://www.dior.com/en_us/fashion/products/M1409OHST_M16E",browser_rendered_dom,ok,"Live detail DOM; numeric dimensions not exposed in visible size panel."
refresh_2026-09-07_us:Dior:M1409OTZQ_M928,Dior,US,USD,2026-09-07T17:48:15+08:00,2026-09-07,M1409OTZQ_M928,"Medium Dior Promenade Shopping Bag",numeric,3600,"Cotton, calfskin and technical fabric","Blue Dior Oblique",,"https://www.dior.com/en_us/fashion/products/M1409OTZQ_M928",browser_rendered_dom,ok,"Live detail DOM; numeric dimensions not exposed in visible size panel."
refresh_2026-09-07_us:Dior:M1410OTZQ_M928,Dior,US,USD,2026-09-07T17:48:15+08:00,2026-09-07,M1410OTZQ_M928,"Small Dior Promenade Shopping Bag",numeric,3350,"Cotton, calfskin and technical fabric","Blue Dior Oblique",,"https://www.dior.com/en_us/fashion/products/M1410OTZQ_M928",browser_rendered_dom,ok,"Live detail DOM; numeric dimensions not exposed in visible size panel."
refresh_2026-09-07_us:Dior:M1410OHSV_M71I,Dior,US,USD,2026-09-07T17:48:15+08:00,2026-09-07,M1410OHSV_M71I,"Small Dior Promenade Shopping Bag",numeric,3450,"Wool, virgin wool, calfskin, cotton and technical fabric","Plum Dior Oblique Donegal Tweed",,"https://www.dior.com/en_us/fashion/products/M1410OHSV_M71I",browser_rendered_dom,ok,"Live detail DOM; numeric dimensions not exposed in visible size panel."
refresh_2026-09-07_us:Dior:M2867ODKZ_M42R,Dior,US,USD,2026-09-07T17:48:15+08:00,2026-09-07,M2867ODKZ_M42R,"Small Dior Toujours Hobo Bag",numeric,3700,Lambskin,"Deep Amaranth",,"https://www.dior.com/en_us/fashion/products/M2867ODKZ_M42R",browser_rendered_dom,ok,"Live detail DOM; numeric dimensions not exposed in visible size panel."
refresh_2026-09-07_us:Dior:M2867ODKZ_M900,Dior,US,USD,2026-09-07T17:48:15+08:00,2026-09-07,M2867ODKZ_M900,"Small Dior Toujours Hobo Bag",numeric,3700,Lambskin,Black,,"https://www.dior.com/en_us/fashion/products/M2867ODKZ_M900",browser_rendered_dom,ok,"Live detail DOM; numeric dimensions not exposed in visible size panel."
refresh_2026-09-07_us:Dior:M2867ODUN_M68M,Dior,US,USD,2026-09-07T17:48:15+08:00,2026-09-07,M2867ODUN_M68M,"Small Dior Toujours Hobo Bag",numeric,3700,"Suede goatskin and calfskin","Marron Bobby",,"https://www.dior.com/en_us/fashion/products/M2867ODUN_M68M",browser_rendered_dom,ok,"Live detail DOM; numeric dimensions not exposed in visible size panel."
refresh_2026-09-07_us:Dior:M2867ODKZ_M01S,Dior,US,USD,2026-09-07T17:48:15+08:00,2026-09-07,M2867ODKZ_M01S,"Small Dior Toujours Hobo Bag",numeric,3700,Lambskin,"Soupir Green",,"https://www.dior.com/en_us/fashion/products/M2867ODKZ_M01S",browser_rendered_dom,ok,"Live detail DOM; numeric dimensions not exposed in visible size panel."
refresh_2026-09-07_us:Dior:M2867ODKZ_M31N,Dior,US,USD,2026-09-07T17:48:15+08:00,2026-09-07,M2867ODKZ_M31N,"Small Dior Toujours Hobo Bag",numeric,3700,Lambskin,"Ballet Pink",,"https://www.dior.com/en_us/fashion/products/M2867ODKZ_M31N",browser_rendered_dom,ok,"Live detail DOM; numeric dimensions not exposed in visible size panel."
refresh_2026-09-07_us:Dior:M2867ODKZ_M39Z,Dior,US,USD,2026-09-07T17:48:15+08:00,2026-09-07,M2867ODKZ_M39Z,"Small Dior Toujours Hobo Bag",numeric,3700,Lambskin,"Ice Blue",,"https://www.dior.com/en_us/fashion/products/M2867ODKZ_M39Z",browser_rendered_dom,ok,"Live detail DOM; numeric dimensions not exposed in visible size panel."
refresh_2026-09-07_us:Dior:M2835OSNW_M05S,Dior,US,USD,2026-09-07T17:48:15+08:00,2026-09-07,M2835OSNW_M05S,"Small Dior Toujours Vertical Tote Bag",numeric,3600,Calfskin,"Evergreen",,"https://www.dior.com/en_us/fashion/products/M2835OSNW_M05S",browser_rendered_dom,ok,"Live detail DOM; numeric dimensions not exposed in visible size panel."
refresh_2026-09-07_us:Dior:M2835OSNW_M79U,Dior,US,USD,2026-09-07T17:48:15+08:00,2026-09-07,M2835OSNW_M79U,"Small Dior Toujours Vertical Tote Bag",numeric,3600,Calfskin,Craie,,"https://www.dior.com/en_us/fashion/products/M2835OSNW_M79U",browser_rendered_dom,ok,"Live detail DOM; numeric dimensions not exposed in visible size panel."
refresh_2026-09-07_us:Dior:M2821OSNW_M73M,Dior,US,USD,2026-09-07T17:48:15+08:00,2026-09-07,M2821OSNW_M73M,"Medium Dior Toujours Bag",numeric,4300,Calfskin,Glove,,"https://www.dior.com/en_us/fashion/products/M2821OSNW_M73M",browser_rendered_dom,ok,"Price confirmed on live detail DOM after an initial render delay; numeric dimensions not exposed in visible size panel."
refresh_2026-09-07_us:Dior:M2820OHJS_M42R,Dior,US,USD,2026-09-07T17:48:15+08:00,2026-09-07,M2820OHJS_M42R,"Large Dior Toujours Bag",numeric,4700,Calfskin,"Deep Amaranth",,"https://www.dior.com/en_us/fashion/products/M2820OHJS_M42R",browser_rendered_dom,ok,"Live detail DOM."
refresh_2026-09-07_us:Dior:M2821OSNW_M66M,Dior,US,USD,2026-09-07T17:48:15+08:00,2026-09-07,M2821OSNW_M66M,"Medium Dior Toujours Bag",numeric,4300,Calfskin,Chocolate,,"https://www.dior.com/en_us/fashion/products/M2821OSNW_M66M",browser_rendered_dom,ok,"Live detail DOM; numeric dimensions not exposed in visible size panel."
refresh_2026-09-07_us:Dior:M2821OSOQ_M22S,Dior,US,USD,2026-09-07T17:48:15+08:00,2026-09-07,M2821OSOQ_M22S,"Medium Dior Toujours Bag",numeric,4300,"Suede goatskin and calfskin","Polar Tree",,"https://www.dior.com/en_us/fashion/products/M2821OSOQ_M22S",browser_rendered_dom,ok,"Live detail DOM; numeric dimensions not exposed in visible size panel."
