observation_id,snapshot_id,brand,market,currency,observed_at,source_effective_date,source_id,reference_code,family,model,size_label,material_group,color,price_status,price,comparison_group_id,lineage_id,inclusion_status,exclusion_reason
current:Chanel-FR-A01112-B25720-UB663-2026-08-15,current_2026-08-15,Chanel,FR,EUR,2026-08-15T19:20:31+08:00,2026-08-15,SRC-CURRENT-CHANEL-FR-A01112_B25720_UB663-7cd78669e1,A01112-B25720-UB663,Classic 11.12,Sac classique 11.12,medium,leather,Rouge foncé,numeric,10500,FR|flap|medium|leather,,accepted,
current:Chanel-US-A01112-B25720-UB663-2026-08-15,current_2026-08-15,Chanel,US,USD,2026-08-15T19:20:31+08:00,2026-08-15,SRC-CURRENT-CHANEL-US-A01112_B25720_UB663-46b89ffc64,A01112-B25720-UB663,Classic 11.12,Classic 11.12 Handbag,medium,leather,Dark Red,numeric,11700,US|flap|medium|leather,,accepted,
current:Chanel-FR-A01112-B25747-94305-2026-08-15,current_2026-08-15,Chanel,FR,EUR,2026-08-15T19:20:31+08:00,2026-08-15,SRC-CURRENT-CHANEL-FR-A01112_B25747_94305-4f9a4a7240,A01112-B25747-94305,Classic 11.12,Sac classique 11.12,medium,leather,Noir,numeric,10500,FR|flap|medium|leather,,accepted,
current:Chanel-US-A01112-B25747-94305-2026-08-15,current_2026-08-15,Chanel,US,USD,2026-08-15T19:20:31+08:00,2026-08-15,SRC-CURRENT-CHANEL-US-A01112_B25747_94305-11383097bb,A01112-B25747-94305,Classic 11.12,Classic 11.12 Handbag,medium,leather,Black,numeric,11700,US|flap|medium|leather,,accepted,
current:Chanel-FR-A01112-B25879-UC671-2026-08-15,current_2026-08-15,Chanel,FR,EUR,2026-08-15T19:20:31+08:00,2026-08-15,SRC-CURRENT-CHANEL-FR-A01112_B25879_UC671-d8746dff47,A01112-B25879-UC671,Classic 11.12,Sac classique 11.12,medium,textile_or_mixed,"Blanc, bleu & rouge",numeric,10000,FR|flap|medium|textile_or_mixed,,accepted,
current:Chanel-US-A01112-B25879-UC671-2026-08-15,current_2026-08-15,Chanel,US,USD,2026-08-15T19:20:31+08:00,2026-08-15,SRC-CURRENT-CHANEL-US-A01112_B25879_UC671-8c0a26fb02,A01112-B25879-UC671,Classic 11.12,Classic 11.12 Handbag,medium,textile_or_mixed,"White, Blue & Red",numeric,11000,US|flap|medium|textile_or_mixed,,accepted,
current:Chanel-FR-A01112-B25176-UC191-2026-08-15,current_2026-08-15,Chanel,FR,EUR,2026-08-15T19:20:31+08:00,2026-08-15,SRC-CURRENT-CHANEL-FR-A01112_B25176_UC191-0d1a492253,A01112-B25176-UC191,Classic 11.12,Sac classique 11.12,medium,textile_or_mixed,Écru & rouge,price_upon_request,,FR|flap|medium|textile_or_mixed,,accepted,
current:Chanel-US-A01112-B25176-UC191-2026-08-15,current_2026-08-15,Chanel,US,USD,2026-08-15T19:20:31+08:00,2026-08-15,SRC-CURRENT-CHANEL-US-A01112_B25176_UC191-36757b090f,A01112-B25176-UC191,Classic 11.12,Classic 11.12 Handbag,medium,textile_or_mixed,Ecru & Red,price_upon_request,,US|flap|medium|textile_or_mixed,,accepted,
current:Chanel-FR-A01112-B25087-UB640-2026-08-15,current_2026-08-15,Chanel,FR,EUR,2026-08-15T19:20:31+08:00,2026-08-15,SRC-CURRENT-CHANEL-FR-A01112_B25087_UB640-ff287614cd,A01112-B25087-UB640,Classic 11.12,Sac classique 11.12,medium,textile_or_mixed,"Bleu, doré & vert",price_upon_request,,FR|flap|medium|textile_or_mixed,,accepted,
current:Chanel-US-A01112-B25087-UB640-2026-08-15,current_2026-08-15,Chanel,US,USD,2026-08-15T19:20:31+08:00,2026-08-15,SRC-CURRENT-CHANEL-US-A01112_B25087_UB640-982169af52,A01112-B25087-UB640,Classic 11.12,Classic 11.12 Handbag,medium,textile_or_mixed,"Blue, Gold & Green",price_upon_request,,US|flap|medium|textile_or_mixed,,accepted,
current:Chanel-FR-A01112-Y04059-U8390-2026-08-15,current_2026-08-15,Chanel,FR,EUR,2026-08-15T19:20:31+08:00,2026-08-15,SRC-CURRENT-CHANEL-FR-A01112_Y04059_U8390-a3f29bfe86,A01112-Y04059-U8390,Classic 11.12,Sac classique 11.12,medium,leather,Camel,numeric,10500,FR|flap|medium|leather,CH-C01,accepted,
current:Chanel-US-A01112-Y04059-U8390-2026-08-15,current_2026-08-15,Chanel,US,USD,2026-08-15T19:20:31+08:00,2026-08-15,SRC-CURRENT-CHANEL-US-A01112_Y04059_U8390-d3be957cd9,A01112-Y04059-U8390,Classic 11.12,Classic 11.12 Handbag,medium,leather,Camel,numeric,11700,US|flap|medium|leather,CH-C01,accepted,
current:Chanel-FR-A01112-B24872-UA957-2026-08-15,current_2026-08-15,Chanel,FR,EUR,2026-08-15T19:20:31+08:00,2026-08-15,SRC-CURRENT-CHANEL-FR-A01112_B24872_UA957-e7d7d28b24,A01112-B24872-UA957,Classic 11.12,Sac classique 11.12,medium,textile_or_mixed,"Blanc, écru & noir",numeric,10000,FR|flap|medium|textile_or_mixed,,accepted,
current:Chanel-US-A01112-B24872-UA957-2026-08-15,current_2026-08-15,Chanel,US,USD,2026-08-15T19:20:31+08:00,2026-08-15,SRC-CURRENT-CHANEL-US-A01112_B24872_UA957-9c7b162e18,A01112-B24872-UA957,Classic 11.12,Classic 11.12 Handbag,medium,textile_or_mixed,"White, Ecru & Black",numeric,11000,US|flap|medium|textile_or_mixed,,accepted,
current:Chanel-FR-A01112-B24048-94305-2026-08-15,current_2026-08-15,Chanel,FR,EUR,2026-08-15T19:20:31+08:00,2026-08-15,SRC-CURRENT-CHANEL-FR-A01112_B24048_94305-7ab2a88e5d,A01112-B24048-94305,Classic 11.12,Sac classique 11.12,medium,leather,Noir,numeric,12250,FR|flap|medium|leather,,accepted,
current:Chanel-US-A01112-B24048-94305-2026-08-15,current_2026-08-15,Chanel,US,USD,2026-08-15T19:20:31+08:00,2026-08-15,SRC-CURRENT-CHANEL-US-A01112_B24048_94305-324cc7e282,A01112-B24048-94305,Classic 11.12,Classic 11.12 Handbag,medium,leather,Black,numeric,13500,US|flap|medium|leather,,accepted,
current:Chanel-FR-A01112-B24526-UA091-2026-08-15,current_2026-08-15,Chanel,FR,EUR,2026-08-15T19:20:31+08:00,2026-08-15,SRC-CURRENT-CHANEL-FR-A01112_B24526_UA091-1ec4e77c1e,A01112-B24526-UA091,Classic 11.12,Sac classique 11.12,medium,textile_or_mixed,"Écru, jaune, noir & rouge",price_upon_request,,FR|flap|medium|textile_or_mixed,,accepted,
current:Chanel-US-A01112-B24526-UA091-2026-08-15,current_2026-08-15,Chanel,US,USD,2026-08-15T19:20:31+08:00,2026-08-15,SRC-CURRENT-CHANEL-US-A01112_B24526_UA091-be7bd25cd8,A01112-B24526-UA091,Classic 11.12,Classic 11.12 Handbag,medium,textile_or_mixed,"Ecru, Yellow, Black & Red",price_upon_request,,US|flap|medium|textile_or_mixed,,accepted,
current:Chanel-FR-A35200-Y04059-94305-2026-08-15,current_2026-08-15,Chanel,FR,EUR,2026-08-15T19:20:31+08:00,2026-08-15,SRC-CURRENT-CHANEL-FR-A35200_Y04059_94305-22ffdb123d,A35200-Y04059-94305,Mini Classic,Mini sac classique,mini,leather,Noir,numeric,4850,FR|flap|mini|leather,CH-C03,accepted,
current:Chanel-US-A35200-Y04059-94305-2026-08-15,current_2026-08-15,Chanel,US,USD,2026-08-15T19:20:31+08:00,2026-08-15,SRC-CURRENT-CHANEL-US-A35200_Y04059_94305-fb4044e021,A35200-Y04059-94305,Mini Classic,Mini Classic Handbag,mini,leather,Black,numeric,5400,US|flap|mini|leather,CH-C03,accepted,
current:Chanel-FR-A69900-Y04059-94305-2026-08-15,current_2026-08-15,Chanel,FR,EUR,2026-08-15T19:20:31+08:00,2026-08-15,SRC-CURRENT-CHANEL-FR-A69900_Y04059_94305-10a68dd783,A69900-Y04059-94305,Mini Classic,Mini sac classique,mini,leather,Noir,numeric,5050,FR|flap|mini|leather,CH-C04,accepted,
current:Chanel-US-A69900-Y04059-94305-2026-08-15,current_2026-08-15,Chanel,US,USD,2026-08-15T19:20:31+08:00,2026-08-15,SRC-CURRENT-CHANEL-US-A69900_Y04059_94305-f1b8eb67a1,A69900-Y04059-94305,Mini Classic,Mini Classic Handbag,mini,leather,Black,numeric,5600,US|flap|mini|leather,CH-C04,accepted,
current:Chanel-FR-A01113-Y01864-C3906-2026-08-15,current_2026-08-15,Chanel,FR,EUR,2026-08-15T19:20:31+08:00,2026-08-15,SRC-CURRENT-CHANEL-FR-A01113_Y01864_C3906-b0891e3902,A01113-Y01864-C3906,Small Classic,Petit sac classique,small,leather,Noir & bordeaux,numeric,10100,FR|flap|small|leather,CH-C02,accepted,
current:Chanel-US-A01113-Y01864-C3906-2026-08-15,current_2026-08-15,Chanel,US,USD,2026-08-15T19:20:31+08:00,2026-08-15,SRC-CURRENT-CHANEL-US-A01113_Y01864_C3906-ec56687efd,A01113-Y01864-C3906,Small Classic,Small Classic Handbag,small,leather,Black & Burgundy,numeric,11300,US|flap|small|leather,CH-C02,accepted,
current:Chanel-FR-AS6495-B25347-UA954-2026-08-15,current_2026-08-15,Chanel,FR,EUR,2026-08-15T19:20:31+08:00,2026-08-15,SRC-CURRENT-CHANEL-FR-AS6495_B25347_UA954-28d87924e2,AS6495-B25347-UA954,Shopping Bag,Petit cabas,standard,leather,Rose clair,numeric,5800,FR|tote|standard|leather,,accepted,
current:Chanel-US-AS6495-B25347-UA954-2026-08-15,current_2026-08-15,Chanel,US,USD,2026-08-15T19:20:31+08:00,2026-08-15,SRC-CURRENT-CHANEL-US-AS6495_B25347_UA954-3e4cec1ee4,AS6495-B25347-UA954,Shopping Bag,Small Shopping Bag,standard,leather,Light Pink,numeric,6600,US|tote|standard|leather,,accepted,
current:Chanel-FR-AS6199-B25388-94305-2026-08-15,current_2026-08-15,Chanel,FR,EUR,2026-08-15T19:20:31+08:00,2026-08-15,SRC-CURRENT-CHANEL-FR-AS6199_B25388_94305-a9fac304cc,AS6199-B25388-94305,Shopping Bag,Mini cabas,standard,leather,Noir,numeric,5600,FR|tote|standard|leather,,accepted,
current:Chanel-US-AS6199-B25388-94305-2026-08-15,current_2026-08-15,Chanel,US,USD,2026-08-15T19:20:31+08:00,2026-08-15,SRC-CURRENT-CHANEL-US-AS6199_B25388_94305-a4e0c0a64a,AS6199-B25388-94305,Shopping Bag,Mini Shopping Bag,standard,leather,Black,numeric,6300,US|tote|standard|leather,,accepted,
current:Chanel-US-AS6200-B25749-UD596-2026-08-15,current_2026-08-15,Chanel,US,USD,2026-08-15T19:20:31+08:00,2026-08-15,SRC-CURRENT-CHANEL-US-AS6200_B25749_UD596-ba6992cbef,AS6200-B25749-UD596,Shopping Bag,Small Shopping Bag,standard,textile_or_mixed,"Ecru, Black, Beige & Red",numeric,6100,US|tote|standard|textile_or_mixed,,accepted,
current:Chanel-FR-AS6199-B25749-UD595-2026-08-15,current_2026-08-15,Chanel,FR,EUR,2026-08-15T19:20:31+08:00,2026-08-15,SRC-CURRENT-CHANEL-FR-AS6199_B25749_UD595-6679f7b97c,AS6199-B25749-UD595,Shopping Bag,Mini cabas,standard,textile_or_mixed,"Noir, blanc & gris",numeric,4900,FR|tote|standard|textile_or_mixed,,accepted,
current:Chanel-US-AS6199-B25749-UD595-2026-08-15,current_2026-08-15,Chanel,US,USD,2026-08-15T19:20:31+08:00,2026-08-15,SRC-CURRENT-CHANEL-US-AS6199_B25749_UD595-ac9b0f174d,AS6199-B25749-UD595,Shopping Bag,Mini Shopping Bag,standard,textile_or_mixed,"Black, White & Gray",numeric,5500,US|tote|standard|textile_or_mixed,,accepted,
current:Chanel-FR-AS6211-B25711-UB662-2026-08-15,current_2026-08-15,Chanel,FR,EUR,2026-08-15T19:20:31+08:00,2026-08-15,SRC-CURRENT-CHANEL-FR-AS6211_B25711_UB662-f79c553131,AS6211-B25711-UB662,Bowling Bag,Grand sac bowling,standard,leather,Gris foncé,numeric,6200,FR|tote|standard|leather,,accepted,
current:Chanel-US-AS6211-B25711-UB662-2026-08-15,current_2026-08-15,Chanel,US,USD,2026-08-15T19:20:31+08:00,2026-08-15,SRC-CURRENT-CHANEL-US-AS6211_B25711_UB662-da0e0b27c8,AS6211-B25711-UB662,Bowling Bag,Large Bowling Bag,standard,leather,Dark Gray,numeric,6900,US|tote|standard|leather,,accepted,
current:Chanel-FR-AS6580-B24074-U9390-2026-08-15,current_2026-08-15,Chanel,FR,EUR,2026-08-15T19:20:31+08:00,2026-08-15,SRC-CURRENT-CHANEL-FR-AS6580_B24074_U9390-9be43a91ff,AS6580-B24074-U9390,Bowling Bag,Grand sac bowling,standard,leather,Beige foncé,numeric,5800,FR|tote|standard|leather,,accepted,
current:Chanel-US-AS6580-B24074-U9390-2026-08-15,current_2026-08-15,Chanel,US,USD,2026-08-15T19:20:31+08:00,2026-08-15,SRC-CURRENT-CHANEL-US-AS6580_B24074_U9390-48a811f051,AS6580-B24074-U9390,Bowling Bag,Large Bowling Bag,standard,leather,Dark Beige,numeric,6500,US|tote|standard|leather,,accepted,
current:Chanel-FR-AS6590-B25996-U9390-2026-08-15,current_2026-08-15,Chanel,FR,EUR,2026-08-15T19:20:31+08:00,2026-08-15,SRC-CURRENT-CHANEL-FR-AS6590_B25996_U9390-a3ea83c33c,AS6590-B25996-U9390,Shopping Bag,Cabas,standard,leather,Beige foncé,numeric,6000,FR|tote|standard|leather,,accepted,
current:Chanel-US-AS6590-B25996-U9390-2026-08-15,current_2026-08-15,Chanel,US,USD,2026-08-15T19:20:31+08:00,2026-08-15,SRC-CURRENT-CHANEL-US-AS6590_B25996_U9390-6fa79928eb,AS6590-B25996-U9390,Shopping Bag,Shopping Bag,standard,leather,Dark Beige,numeric,6700,US|tote|standard|leather,,accepted,
current:Chanel-FR-AS6475-B25599-UD180-2026-08-15,current_2026-08-15,Chanel,FR,EUR,2026-08-15T19:20:31+08:00,2026-08-15,SRC-CURRENT-CHANEL-FR-AS6475_B25599_UD180-0e37c299b2,AS6475-B25599-UD180,Shopping Bag,Cabas,standard,leather,Bleu,numeric,6500,FR|tote|standard|leather,,accepted,
current:Chanel-US-AS6475-B25599-UD180-2026-08-15,current_2026-08-15,Chanel,US,USD,2026-08-15T19:20:31+08:00,2026-08-15,SRC-CURRENT-CHANEL-US-AS6475_B25599_UD180-e28d5b8948,AS6475-B25599-UD180,Shopping Bag,Shopping Bag,standard,leather,Blue,numeric,7300,US|tote|standard|leather,,accepted,
current:Chanel-FR-AS6224-B24988-UA104-2026-08-15,current_2026-08-15,Chanel,FR,EUR,2026-08-15T19:20:31+08:00,2026-08-15,SRC-CURRENT-CHANEL-FR-AS6224_B24988_UA104-91b3500335,AS6224-B24988-UA104,Shopping Bag,Petit cabas,standard,leather,Noir & bordeaux,numeric,6700,FR|tote|standard|leather,,accepted,
current:Chanel-US-AS6224-B24988-UA104-2026-08-15,current_2026-08-15,Chanel,US,USD,2026-08-15T19:20:31+08:00,2026-08-15,SRC-CURRENT-CHANEL-US-AS6224_B24988_UA104-7d8cefaf36,AS6224-B24988-UA104,Shopping Bag,Small Shopping Bag,standard,leather,Black & Burgundy,numeric,7400,US|tote|standard|leather,,accepted,
current:DIOR-FR-M1409OHSU_M09I-20260815,current_2026-08-15,Dior,FR,EUR,2026-08-15T20:20:39+08:00,2026-08-15,SRC-CURRENT-DIOR-FR-M1409OHSU_M09I-0ddec38dfb,M1409OHSU_M09I,Dior Promenade,Sac shopping Dior Promenade Medium,medium,leather,kaki,numeric,3800,FR|tote|medium|leather,,accepted,
current:DIOR-US-M1409OHSU_M09I-20260815,current_2026-08-15,Dior,US,USD,2026-08-15T20:20:39+08:00,2026-08-15,SRC-CURRENT-DIOR-US-M1409OHSU_M09I-9e6102818e,M1409OHSU_M09I,Dior Promenade,Sac shopping Dior Promenade Medium,medium,leather,kaki,numeric,4500,US|tote|medium|leather,,accepted,
current:DIOR-FR-M1410OHST_M911-20260815,current_2026-08-15,Dior,FR,EUR,2026-08-15T20:20:39+08:00,2026-08-15,SRC-CURRENT-DIOR-FR-M1410OHST_M911-3e2f3e3e67,M1410OHST_M911,Dior Promenade,Sac shopping Dior Promenade Small,small,leather,black,numeric,3400,FR|tote|small|leather,,accepted,
current:DIOR-US-M1410OHST_M911-20260815,current_2026-08-15,Dior,US,USD,2026-08-15T20:20:39+08:00,2026-08-15,SRC-CURRENT-DIOR-US-M1410OHST_M911-080f0de3e8,M1410OHST_M911,Dior Promenade,Sac shopping Dior Promenade Small,small,leather,black,numeric,4000,US|tote|small|leather,,accepted,
current:DIOR-FR-M1410OHST_M912-20260815,current_2026-08-15,Dior,FR,EUR,2026-08-15T20:20:39+08:00,2026-08-15,SRC-CURRENT-DIOR-FR-M1410OHST_M912-0d67f13bd5,M1410OHST_M912,Dior Promenade,Sac shopping Dior Promenade Small,small,leather,pink,numeric,3400,FR|tote|small|leather,,accepted,
current:DIOR-US-M1410OHST_M912-20260815,current_2026-08-15,Dior,US,USD,2026-08-15T20:20:39+08:00,2026-08-15,SRC-CURRENT-DIOR-US-M1410OHST_M912-12e16494fb,M1410OHST_M912,Dior Promenade,Sac shopping Dior Promenade Small,small,leather,pink,numeric,4000,US|tote|small|leather,,accepted,
current:DIOR-FR-M1409OTZQ_M928-20260815,current_2026-08-15,Dior,FR,EUR,2026-08-15T20:20:39+08:00,2026-08-15,SRC-CURRENT-DIOR-FR-M1409OTZQ_M928-14753260f8,M1409OTZQ_M928,Dior Promenade,Sac shopping Dior Promenade Medium,medium,textile_or_mixed,blue,numeric,3000,FR|tote|medium|textile_or_mixed,,accepted,
current:DIOR-US-M1409OTZQ_M928-20260815,current_2026-08-15,Dior,US,USD,2026-08-15T20:20:39+08:00,2026-08-15,SRC-CURRENT-DIOR-US-M1409OTZQ_M928-0b144f6a9a,M1409OTZQ_M928,Dior Promenade,Sac shopping Dior Promenade Medium,medium,textile_or_mixed,blue,numeric,3600,US|tote|medium|textile_or_mixed,,accepted,
current:DIOR-FR-M1325OWHP_M900-20260815,current_2026-08-15,Dior,FR,EUR,2026-08-15T20:20:39+08:00,2026-08-15,SRC-CURRENT-DIOR-FR-M1325OWHP_M900-c963d46ec1,M1325OWHP_M900,Dior Book Tote,Small Dior Book Tote,small,leather,black,numeric,3250,FR|tote|small|leather,,accepted,
current:DIOR-US-M1325OWHP_M900-20260815,current_2026-08-15,Dior,US,USD,2026-08-15T20:20:39+08:00,2026-08-15,SRC-CURRENT-DIOR-US-M1325OWHP_M900-984ce27ae4,M1325OWHP_M900,Dior Book Tote,Small Dior Book Tote,small,leather,black,numeric,3900,US|tote|small|leather,,accepted,
current:DIOR-FR-M2867ODKZ_M900-20260815,current_2026-08-15,Dior,FR,EUR,2026-08-15T20:20:39+08:00,2026-08-15,SRC-CURRENT-DIOR-FR-M2867ODKZ_M900-7565d2a467,M2867ODKZ_M900,Dior Toujours,Small Dior Toujours Hobo Bag,small,leather,black,numeric,3100,FR|hobo|small|leather,,accepted,
current:DIOR-US-M2867ODKZ_M900-20260815,current_2026-08-15,Dior,US,USD,2026-08-15T20:20:39+08:00,2026-08-15,SRC-CURRENT-DIOR-US-M2867ODKZ_M900-f3142d5a5e,M2867ODKZ_M900,Dior Toujours,Small Dior Toujours Hobo Bag,small,leather,black,unresolved,,US|hobo|small|leather,,accepted,
current:DIOR-FR-M2867PDUN_M18S-20260815,current_2026-08-15,Dior,FR,EUR,2026-08-15T20:20:39+08:00,2026-08-15,SRC-CURRENT-DIOR-FR-M2867PDUN_M18S-ea335846ad,M2867PDUN_M18S,Dior Toujours,Small Dior Toujours Hobo Bag,small,leather,khaki,unresolved,,FR|hobo|small|leather,,accepted,
current:DIOR-US-M2867PDUN_M18S-20260815,current_2026-08-15,Dior,US,USD,2026-08-15T20:20:39+08:00,2026-08-15,SRC-CURRENT-DIOR-US-M2867PDUN_M18S-77a456c0e4,M2867PDUN_M18S,Dior Toujours,Small Dior Toujours Hobo Bag,small,leather,khaki,unresolved,,US|hobo|small|leather,,accepted,
current:DIOR-FR-M1388OEJP_M918-20260815,current_2026-08-15,Dior,FR,EUR,2026-08-15T20:20:39+08:00,2026-08-15,SRC-CURRENT-DIOR-FR-M1388OEJP_M918-e742dd6322,M1388OEJP_M918,Dior Blooming,Medium Dior Blooming Basket Bag,medium,leather_and_textile,brown,numeric,3100,FR|tote|medium|leather_and_textile,,accepted,
current:DIOR-US-M1388OEJP_M918-20260815,current_2026-08-15,Dior,US,USD,2026-08-15T20:20:39+08:00,2026-08-15,SRC-CURRENT-DIOR-US-M1388OEJP_M918-335f267465,M1388OEJP_M918,Dior Blooming,Medium Dior Blooming Basket Bag,medium,leather_and_textile,brown,numeric,3700,US|tote|medium|leather_and_textile,,accepted,
current:DIOR-FR-M1388OEJP_M19I-20260815,current_2026-08-15,Dior,FR,EUR,2026-08-15T20:20:39+08:00,2026-08-15,SRC-CURRENT-DIOR-FR-M1388OEJP_M19I-21733197da,M1388OEJP_M19I,Dior Blooming,Medium Dior Blooming Basket Bag,medium,leather_and_textile,beige,numeric,3100,FR|tote|medium|leather_and_textile,,accepted,
current:DIOR-US-M1388OEJP_M19I-20260815,current_2026-08-15,Dior,US,USD,2026-08-15T20:20:39+08:00,2026-08-15,SRC-CURRENT-DIOR-US-M1388OEJP_M19I-90ef2d9841,M1388OEJP_M19I,Dior Blooming,Medium Dior Blooming Basket Bag,medium,leather_and_textile,beige,numeric,3700,US|tote|medium|leather_and_textile,,accepted,
current:DIOR-FR-M1324OWHP_M51U-20260815,current_2026-08-15,Dior,FR,EUR,2026-08-15T20:20:39+08:00,2026-08-15,SRC-CURRENT-DIOR-FR-M1324OWHP_M51U-02725ca70f,M1324OWHP_M51U,Dior Book Tote,Medium Dior Book Tote,medium,leather,beige powder,numeric,3650,FR|tote|medium|leather,,accepted,
current:DIOR-US-M1324OWHP_M51U-20260815,current_2026-08-15,Dior,US,USD,2026-08-15T20:20:39+08:00,2026-08-15,SRC-CURRENT-DIOR-US-M1324OWHP_M51U-ed0e9a0287,M1324OWHP_M51U,Dior Book Tote,Medium Dior Book Tote,medium,leather,beige powder,unresolved,,US|tote|medium|leather,,accepted,
current:DIOR-FR-M1354OEUB_M918-20260815,current_2026-08-15,Dior,FR,EUR,2026-08-15T20:20:39+08:00,2026-08-15,SRC-CURRENT-DIOR-FR-M1354OEUB_M918-033dae1fbe,M1354OEUB_M918,Dior Book Tote,Medium Dior Book Tote with Strap,medium,other_or_unclear,beige,numeric,3600,FR|tote|medium|other_or_unclear,,accepted,
current:DIOR-US-M1354OEUB_M918-20260815,current_2026-08-15,Dior,US,USD,2026-08-15T20:20:39+08:00,2026-08-15,SRC-CURRENT-DIOR-US-M1354OEUB_M918-51e36a8226,M1354OEUB_M918,Dior Book Tote,Medium Dior Book Tote with Strap,medium,other_or_unclear,beige,unresolved,,US|tote|medium|other_or_unclear,,accepted,
current:DIOR-FR-M3920QDWP_M98H-20260815,current_2026-08-15,Dior,FR,EUR,2026-08-15T20:20:39+08:00,2026-08-15,SRC-CURRENT-DIOR-FR-M3920QDWP_M98H-0f2e28d914,M3920QDWP_M98H,Dior Médaillon,Medium Dior Médaillon Flap Bag,medium,leather,khaki,numeric,3500,FR|flap|medium|leather,,accepted,
current:DIOR-US-M3920QDWP_M98H-20260815,current_2026-08-15,Dior,US,USD,2026-08-15T20:20:39+08:00,2026-08-15,SRC-CURRENT-DIOR-US-M3920QDWP_M98H-ff07480f03,M3920QDWP_M98H,Dior Médaillon,Medium Dior Médaillon Flap Bag,medium,leather,khaki,unresolved,,US|flap|medium|leather,,accepted,
current:DIOR-FR-M3919QDWP_M900-20260815,current_2026-08-15,Dior,FR,EUR,2026-08-15T20:20:39+08:00,2026-08-15,SRC-CURRENT-DIOR-FR-M3919QDWP_M900-17e9691b9f,M3919QDWP_M900,Dior Médaillon,Small Dior Médaillon Flap Bag,small,leather,black,numeric,3200,FR|flap|small|leather,,accepted,
current:DIOR-US-M3919QDWP_M900-20260815,current_2026-08-15,Dior,US,USD,2026-08-15T20:20:39+08:00,2026-08-15,SRC-CURRENT-DIOR-US-M3919QDWP_M900-520e8cfbef,M3919QDWP_M900,Dior Médaillon,Small Dior Médaillon Flap Bag,small,leather,black,unresolved,,US|flap|small|leather,,accepted,
current:DIOR-FR-M1532QTZQ_M928-20260815,current_2026-08-15,Dior,FR,EUR,2026-08-15T20:20:39+08:00,2026-08-15,SRC-CURRENT-DIOR-FR-M1532QTZQ_M928-56cfd5c4dd,M1532QTZQ_M928,Dior Médaillon,Medium Dior Médaillon Bucket Bag,medium,textile_or_mixed,blue,numeric,3450,FR|bucket|medium|textile_or_mixed,,accepted,
current:DIOR-US-M1532QTZQ_M928-20260815,current_2026-08-15,Dior,US,USD,2026-08-15T20:20:39+08:00,2026-08-15,SRC-CURRENT-DIOR-US-M1532QTZQ_M928-95de155022,M1532QTZQ_M928,Dior Médaillon,Medium Dior Médaillon Bucket Bag,medium,textile_or_mixed,blue,numeric,4000,US|bucket|medium|textile_or_mixed,,accepted,
current:DIOR-FR-M1412PHJX_M79G-20260815,current_2026-08-15,Dior,FR,EUR,2026-08-15T20:20:39+08:00,2026-08-15,SRC-CURRENT-DIOR-FR-M1412PHJX_M79G-f23703d1bf,M1412PHJX_M79G,Diorly,Diorly Medium Bag,medium,leather,grey,numeric,3850,FR|shoulder|medium|leather,,accepted,
current:DIOR-US-M1412PHJX_M79G-20260815,current_2026-08-15,Dior,US,USD,2026-08-15T20:20:39+08:00,2026-08-15,SRC-CURRENT-DIOR-US-M1412PHJX_M79G-f9b39fa0eb,M1412PHJX_M79G,Diorly,Diorly Medium Bag,medium,leather,grey,unresolved,,US|shoulder|medium|leather,,accepted,
current:DIOR-FR-M1411OHJW_M911-20260815,current_2026-08-15,Dior,FR,EUR,2026-08-15T20:20:39+08:00,2026-08-15,SRC-CURRENT-DIOR-FR-M1411OHJW_M911-7ea005f1ae,M1411OHJW_M911,Diorly,Diorly Large Bag,large,leather,black,numeric,4500,FR|shoulder|large|leather,,accepted,
current:DIOR-US-M1411OHJW_M911-20260815,current_2026-08-15,Dior,US,USD,2026-08-15T20:20:39+08:00,2026-08-15,SRC-CURRENT-DIOR-US-M1411OHJW_M911-49abaf70b0,M1411OHJW_M911,Diorly,Diorly Large Bag,large,leather,black,numeric,5200,US|shoulder|large|leather,,accepted,
current:DIOR-FR-M0715OUQO_M900-20260815,current_2026-08-15,Dior,FR,EUR,2026-08-15T20:20:39+08:00,2026-08-15,SRC-CURRENT-DIOR-FR-M0715OUQO_M900-b9096487b1,M0715OUQO_M900,Dior Bow,Dior Bow Small Bag,small,leather,black,numeric,3700,FR|shoulder|small|leather,,accepted,
current:DIOR-US-M0715OUQO_M900-20260815,current_2026-08-15,Dior,US,USD,2026-08-15T20:20:39+08:00,2026-08-15,SRC-CURRENT-DIOR-US-M0715OUQO_M900-f420eccb96,M0715OUQO_M900,Dior Bow,Dior Bow Small Bag,small,leather,black,numeric,4400,US|shoulder|small|leather,,accepted,
current:DIOR-FR-M0457CUQW_M900-20260815,current_2026-08-15,Dior,FR,EUR,2026-08-15T20:20:39+08:00,2026-08-15,SRC-CURRENT-DIOR-FR-M0457CUQW_M900-dfb622dff7,M0457CUQW_M900,Saddle,Saddle Small Bag with Strap,small,leather,black,numeric,3650,FR|flap|small|leather,,accepted,
current:DIOR-US-M0457CUQW_M900-20260815,current_2026-08-15,Dior,US,USD,2026-08-15T20:20:39+08:00,2026-08-15,SRC-CURRENT-DIOR-US-M0457CUQW_M900-9a8a78b5fd,M0457CUQW_M900,Saddle,Saddle Small Bag with Strap,small,leather,black,numeric,4400,US|flap|small|leather,,accepted,
current:DIOR-FR-M2836OSNW_M900-20260815,current_2026-08-15,Dior,FR,EUR,2026-08-15T20:20:39+08:00,2026-08-15,SRC-CURRENT-DIOR-FR-M2836OSNW_M900-688c4f903e,M2836OSNW_M900,Dior Toujours,Dior Toujours Vertical Medium Tote,medium,leather,black,numeric,3450,FR|tote|medium|leather,,accepted,
current:DIOR-US-M2836OSNW_M900-20260815,current_2026-08-15,Dior,US,USD,2026-08-15T20:20:39+08:00,2026-08-15,SRC-CURRENT-DIOR-US-M2836OSNW_M900-aeb7c7debd,M2836OSNW_M900,Dior Toujours,Dior Toujours Vertical Medium Tote,medium,leather,black,numeric,4100,US|tote|medium|leather,,accepted,
current:DIOR-FR-M2822OSNW_M900-20260815,current_2026-08-15,Dior,FR,EUR,2026-08-15T20:20:39+08:00,2026-08-15,SRC-CURRENT-DIOR-FR-M2822OSNW_M900-a03104d02a,M2822OSNW_M900,Dior Toujours,Dior Toujours Small Bag,small,leather,black,numeric,3200,FR|tote|small|leather,,accepted,
current:DIOR-US-M2822OSNW_M900-20260815,current_2026-08-15,Dior,US,USD,2026-08-15T20:20:39+08:00,2026-08-15,SRC-CURRENT-DIOR-US-M2822OSNW_M900-7e0b592030,M2822OSNW_M900,Dior Toujours,Dior Toujours Small Bag,small,leather,black,numeric,3900,US|tote|small|leather,,accepted,
current:LOUIS_VUITTON-FR-M29099-20260815,current_2026-08-15,Louis Vuitton,FR,EUR,2026-08-15T20:20:39+08:00,2026-08-15,SRC-CURRENT-LOUIS_VUITTON-FR-M29099-40f214e3ef,M29099,Multipass,Sac Multipass Mini,mini,textile_or_mixed,Monogram,numeric,1800,FR|crossbody|mini|textile_or_mixed,,accepted,
current:LOUIS_VUITTON-FR-M3A247-20260815,current_2026-08-15,Louis Vuitton,FR,EUR,2026-08-15T20:20:39+08:00,2026-08-15,SRC-CURRENT-LOUIS_VUITTON-FR-M3A247-a25a088fec,M3A247,Multipass,Sac Multipass Mini,mini,leather,Monogram Rouge,numeric,2000,FR|crossbody|mini|leather,,accepted,
current:LOUIS_VUITTON-FR-M3A389-20260815,current_2026-08-15,Louis Vuitton,FR,EUR,2026-08-15T20:20:39+08:00,2026-08-15,SRC-CURRENT-LOUIS_VUITTON-FR-M3A389-de0f9739b8,M3A389,Multipass,Sac Multipass Mini,mini,textile_or_mixed,Silver Blue,numeric,2000,FR|crossbody|mini|textile_or_mixed,,accepted,
current:LOUIS_VUITTON-FR-M2A840-20260815,current_2026-08-15,Louis Vuitton,FR,EUR,2026-08-15T20:20:39+08:00,2026-08-15,SRC-CURRENT-LOUIS_VUITTON-FR-M2A840-0ac8a6719b,M2A840,Multipass,Sac Multipass Mini,mini,leather,black,numeric,2000,FR|crossbody|mini|leather,,accepted,
current:LOUIS_VUITTON-FR-M3A167-20260815,current_2026-08-15,Louis Vuitton,FR,EUR,2026-08-15T20:20:39+08:00,2026-08-15,SRC-CURRENT-LOUIS_VUITTON-FR-M3A167-9d4032fa40,M3A167,Squire,Sac Squire East West,east_west,leather,black,numeric,2200,FR|top_handle|east_west|leather,,accepted,
current:LOUIS_VUITTON-FR-M3A079-20260815,current_2026-08-15,Louis Vuitton,FR,EUR,2026-08-15T20:20:39+08:00,2026-08-15,SRC-CURRENT-LOUIS_VUITTON-FR-M3A079-89d69cf12b,M3A079,Speedy,Sac Speedy Bandoulière 20 G75,20,leather,black,numeric,2600,FR|top_handle|20|leather,,accepted,
current:LOUIS_VUITTON-FR-M3A843-20260815,current_2026-08-15,Louis Vuitton,FR,EUR,2026-08-15T20:20:39+08:00,2026-08-15,SRC-CURRENT-LOUIS_VUITTON-FR-M3A843-c98752f15d,M3A843,Alma,Sac Alma BB,BB,leather,green,numeric,2800,FR|top_handle|BB|leather,,accepted,
current:LOUIS_VUITTON-FR-M3A269-20260815,current_2026-08-15,Louis Vuitton,FR,EUR,2026-08-15T20:20:39+08:00,2026-08-15,SRC-CURRENT-LOUIS_VUITTON-FR-M3A269-61467b3ed0,M3A269,Multipass,Sac Multipass,standard,leather,Acajou,numeric,2650,FR|shoulder|standard|leather,,accepted,
current:LOUIS_VUITTON-FR-M3A285-20260815,current_2026-08-15,Louis Vuitton,FR,EUR,2026-08-15T20:20:39+08:00,2026-08-15,SRC-CURRENT-LOUIS_VUITTON-FR-M3A285-7945c2c31e,M3A285,Multipass,Sac Multipass,standard,leather,Monogram Rouge,numeric,2650,FR|shoulder|standard|leather,,accepted,
current:LOUIS_VUITTON-FR-M3A388-20260815,current_2026-08-15,Louis Vuitton,FR,EUR,2026-08-15T20:20:39+08:00,2026-08-15,SRC-CURRENT-LOUIS_VUITTON-FR-M3A388-f665c35307,M3A388,Express,Sac Express MM,MM,textile_or_mixed,Silver Blue,numeric,3800,FR|tote|MM|textile_or_mixed,,accepted,
current:LOUIS_VUITTON-FR-M3A265-20260815,current_2026-08-15,Louis Vuitton,FR,EUR,2026-08-15T20:20:39+08:00,2026-08-15,SRC-CURRENT-LOUIS_VUITTON-FR-M3A265-8f7144b6e9,M3A265,Express,Sac Express PM,PM,leather,red,numeric,3500,FR|top_handle|PM|leather,,accepted,
current:LOUIS_VUITTON-FR-M2A772-20260815,current_2026-08-15,Louis Vuitton,FR,EUR,2026-08-15T20:20:39+08:00,2026-08-15,SRC-CURRENT-LOUIS_VUITTON-FR-M2A772-27658967ee,M2A772,Bundle Trunk,Sac Bundle Trunk,standard,leather,black,numeric,3200,FR|shoulder|standard|leather,,accepted,
current:LOUIS_VUITTON-FR-M3A259-20260815,current_2026-08-15,Louis Vuitton,FR,EUR,2026-08-15T20:20:39+08:00,2026-08-15,SRC-CURRENT-LOUIS_VUITTON-FR-M3A259-5f56834eda,M3A259,Bundle Trunk,Sac Bundle Trunk,standard,leather,Gazon green,numeric,3200,FR|shoulder|standard|leather,,accepted,
current:LOUIS_VUITTON-FR-M3A307-20260815,current_2026-08-15,Louis Vuitton,FR,EUR,2026-08-15T20:20:39+08:00,2026-08-15,SRC-CURRENT-LOUIS_VUITTON-FR-M3A307-3e982b31d0,M3A307,Side Trunk,Sac Side Trunk MM,MM,leather,red,numeric,3600,FR|shoulder|MM|leather,,accepted,
current:LOUIS_VUITTON-FR-M3A165-20260815,current_2026-08-15,Louis Vuitton,FR,EUR,2026-08-15T20:20:39+08:00,2026-08-15,SRC-CURRENT-LOUIS_VUITTON-FR-M3A165-918cc9e071,M3A165,Speedy,Sac Speedy Soft 30 G75,30,leather,green,numeric,3600,FR|top_handle|30|leather,,accepted,
current:LOUIS_VUITTON-FR-M29552-20260815,current_2026-08-15,Louis Vuitton,FR,EUR,2026-08-15T20:20:39+08:00,2026-08-15,SRC-CURRENT-LOUIS_VUITTON-FR-M29552-30a4e9326d,M29552,Express,Sac Express PM,PM,textile_or_mixed,natural,numeric,3700,FR|top_handle|PM|textile_or_mixed,,accepted,
current:LOUIS_VUITTON-FR-M3A842-20260815,current_2026-08-15,Louis Vuitton,FR,EUR,2026-08-15T20:20:39+08:00,2026-08-15,SRC-CURRENT-LOUIS_VUITTON-FR-M3A842-1ef6ac2608,M3A842,Alma,Sac Alma BB,BB,leather,green,numeric,2800,FR|top_handle|BB|leather,,accepted,
current:LOUIS_VUITTON-FR-M2A038-20260815,current_2026-08-15,Louis Vuitton,FR,EUR,2026-08-15T20:20:39+08:00,2026-08-15,SRC-CURRENT-LOUIS_VUITTON-FR-M2A038-d7eebe514a,M2A038,Speedy,Sac Speedy Bandoulière 25,25,textile_or_mixed,Monogram Dune,numeric,3200,FR|top_handle|25|textile_or_mixed,,accepted,
current:LOUIS_VUITTON-FR-M2A099-20260815,current_2026-08-15,Louis Vuitton,FR,EUR,2026-08-15T20:20:39+08:00,2026-08-15,SRC-CURRENT-LOUIS_VUITTON-FR-M2A099-e1b3f6163b,M2A099,Speedy,Sac Speedy Bandoulière 20,20,leather,Link Quartz,numeric,2400,FR|top_handle|20|leather,,accepted,
current:LOUIS_VUITTON-FR-M29976-20260815,current_2026-08-15,Louis Vuitton,FR,EUR,2026-08-15T20:20:39+08:00,2026-08-15,SRC-CURRENT-LOUIS_VUITTON-FR-M29976-88db6cd4aa,M29976,OnTheGo,Cabas OnTheGo PM,PM,leather,Link Quartz,numeric,2900,FR|tote|PM|leather,,accepted,
current:LOUIS_VUITTON-US-M28613-20260815,current_2026-08-15,Louis Vuitton,US,USD,2026-08-15T20:20:39+08:00,2026-08-15,SRC-CURRENT-LOUIS_VUITTON-US-M28613-3999e2c713,M28613,Marelle,Marelle,standard,textile_or_mixed,Monogram,numeric,2890,US|shoulder|standard|textile_or_mixed,,accepted,
current:LOUIS_VUITTON-US-M47031-20260815,current_2026-08-15,Louis Vuitton,US,USD,2026-08-15T20:20:39+08:00,2026-08-15,SRC-CURRENT-LOUIS_VUITTON-US-M47031-d7cbff57ef,M47031,Hang On,Hang On,standard,textile_or_mixed,Monogram,numeric,2850,US|bowling|standard|textile_or_mixed,,accepted,
current:LOUIS_VUITTON-US-M28953-20260815,current_2026-08-15,Louis Vuitton,US,USD,2026-08-15T20:20:39+08:00,2026-08-15,SRC-CURRENT-LOUIS_VUITTON-US-M28953-d458cdc847,M28953,Squire,Squire East West,east_west,textile_or_mixed,Monogram,numeric,2470,US|top_handle|east_west|textile_or_mixed,,accepted,
current:LOUIS_VUITTON-US-M28951-20260815,current_2026-08-15,Louis Vuitton,US,USD,2026-08-15T20:20:39+08:00,2026-08-15,SRC-CURRENT-LOUIS_VUITTON-US-M28951-c5ed258b8c,M28951,Squire,Squire PM,PM,textile_or_mixed,Monogram,numeric,2860,US|top_handle|PM|textile_or_mixed,,accepted,
current:LOUIS_VUITTON-US-M46784-20260815,current_2026-08-15,Louis Vuitton,US,USD,2026-08-15T20:20:39+08:00,2026-08-15,SRC-CURRENT-LOUIS_VUITTON-US-M46784-1d2c7af79a,M46784,High Rise,High Rise,standard,textile_or_mixed,Monogram,numeric,2020,US|other|standard|textile_or_mixed,,accepted,
current:LOUIS_VUITTON-US-M28426-20260815,current_2026-08-15,Louis Vuitton,US,USD,2026-08-15T20:20:39+08:00,2026-08-15,SRC-CURRENT-LOUIS_VUITTON-US-M28426-c421c88a96,M28426,Madeleine,Nano Madeleine,nano,textile_or_mixed,Monogram,numeric,2170,US|crossbody|nano|textile_or_mixed,,accepted,
current:LOUIS_VUITTON-US-M46990-20260815,current_2026-08-15,Louis Vuitton,US,USD,2026-08-15T20:20:39+08:00,2026-08-15,SRC-CURRENT-LOUIS_VUITTON-US-M46990-c2e9ee75fa,M46990,Alma,Alma BB,BB,textile_or_mixed,Monogram,numeric,2000,US|top_handle|BB|textile_or_mixed,,accepted,
current:LOUIS_VUITTON-US-M46987-20260815,current_2026-08-15,Louis Vuitton,US,USD,2026-08-15T20:20:39+08:00,2026-08-15,SRC-CURRENT-LOUIS_VUITTON-US-M46987-e23471038d,M46987,Neverfull,Neverfull MM,MM,textile_or_mixed,Monogram,numeric,2240,US|tote|MM|textile_or_mixed,,accepted,
current:LOUIS_VUITTON-US-M29099-20260815,current_2026-08-15,Louis Vuitton,US,USD,2026-08-15T20:20:39+08:00,2026-08-15,SRC-CURRENT-LOUIS_VUITTON-US-M29099-954b0c469d,M29099,Multipass,Multipass Mini,mini,textile_or_mixed,Monogram,numeric,2230,US|crossbody|mini|textile_or_mixed,,accepted,
current:LOUIS_VUITTON-US-M2A840-20260815,current_2026-08-15,Louis Vuitton,US,USD,2026-08-15T20:20:39+08:00,2026-08-15,SRC-CURRENT-LOUIS_VUITTON-US-M2A840-edfcd76288,M2A840,Multipass,Multipass Mini,mini,leather,black,numeric,2480,US|crossbody|mini|leather,,accepted,
current:LOUIS_VUITTON-US-M3A389-20260815,current_2026-08-15,Louis Vuitton,US,USD,2026-08-15T20:20:39+08:00,2026-08-15,SRC-CURRENT-LOUIS_VUITTON-US-M3A389-aa1bb709e3,M3A389,Multipass,Multipass Mini,mini,textile_or_mixed,Silver Blue,numeric,2480,US|crossbody|mini|textile_or_mixed,,accepted,
current:LOUIS_VUITTON-US-M3A247-20260815,current_2026-08-15,Louis Vuitton,US,USD,2026-08-15T20:20:39+08:00,2026-08-15,SRC-CURRENT-LOUIS_VUITTON-US-M3A247-9cc49f8dd5,M3A247,Multipass,Multipass Mini,mini,leather,Monogram Rouge,numeric,2480,US|crossbody|mini|leather,,accepted,
current:LOUIS_VUITTON-US-M2A078-20260815,current_2026-08-15,Louis Vuitton,US,USD,2026-08-15T20:20:39+08:00,2026-08-15,SRC-CURRENT-LOUIS_VUITTON-US-M2A078-fe98716eee,M2A078,Multipass,Multipass,standard,textile_or_mixed,Monogram Dune,numeric,2850,US|shoulder|standard|textile_or_mixed,,accepted,
current:LOUIS_VUITTON-US-M2A038-20260815,current_2026-08-15,Louis Vuitton,US,USD,2026-08-15T20:20:39+08:00,2026-08-15,SRC-CURRENT-LOUIS_VUITTON-US-M2A038-0dedf199c0,M2A038,Speedy,Speedy Bandoulière 25,25,textile_or_mixed,Monogram Dune,numeric,4150,US|top_handle|25|textile_or_mixed,,accepted,
current:LOUIS_VUITTON-US-M29537-20260815,current_2026-08-15,Louis Vuitton,US,USD,2026-08-15T20:20:39+08:00,2026-08-15,SRC-CURRENT-LOUIS_VUITTON-US-M29537-c13042c7e7,M29537,Frivole,Nano Frivole,nano,textile_or_mixed,Monogram,numeric,2210,US|crossbody|nano|textile_or_mixed,,accepted,
current:LOUIS_VUITTON-US-M83008-20260815,current_2026-08-15,Louis Vuitton,US,USD,2026-08-15T20:20:39+08:00,2026-08-15,SRC-CURRENT-LOUIS_VUITTON-US-M83008-17b632837c,M83008,Liv,Pochette Liv,standard,textile_or_mixed,Monogram,numeric,1950,US|shoulder|standard|textile_or_mixed,,accepted,
current:LOUIS_VUITTON-US-M46049-20260815,current_2026-08-15,Louis Vuitton,US,USD,2026-08-15T20:20:39+08:00,2026-08-15,SRC-CURRENT-LOUIS_VUITTON-US-M46049-43a3c43242,M46049,Diane,Diane,standard,textile_or_mixed,Monogram,numeric,2700,US|shoulder|standard|textile_or_mixed,,accepted,
current:LOUIS_VUITTON-US-M46203-20260815,current_2026-08-15,Louis Vuitton,US,USD,2026-08-15T20:20:39+08:00,2026-08-15,SRC-CURRENT-LOUIS_VUITTON-US-M46203-1d208b0781,M46203,CarryAll,CarryAll PM,PM,textile_or_mixed,Monogram,numeric,2940,US|tote|PM|textile_or_mixed,,accepted,
current:LOUIS_VUITTON-US-M11945-20260815,current_2026-08-15,Louis Vuitton,US,USD,2026-08-15T20:20:39+08:00,2026-08-15,SRC-CURRENT-LOUIS_VUITTON-US-M11945-42c7a83780,M11945,Speedy,Speedy Soft 30 Crafty,30,textile_or_mixed,Monogram Red,numeric,3550,US|top_handle|30|textile_or_mixed,,accepted,
current:LOUIS_VUITTON-US-M45832-20260815,current_2026-08-15,Louis Vuitton,US,USD,2026-08-15T20:20:39+08:00,2026-08-15,SRC-CURRENT-LOUIS_VUITTON-US-M45832-7281cd7ac7,M45832,Boulogne,Boulogne PM,PM,textile_or_mixed,Monogram,numeric,2700,US|shoulder|PM|textile_or_mixed,,accepted,
current:HERMÈS-FR-H086559CC55-20260815,current_2026-08-15,Hermès,FR,EUR,2026-08-15T20:20:39+08:00,2026-08-15,SRC-CURRENT-HERM_S-FR-H086559CC55-5f5fa2564a,H086559CC55,Plume,Sac Plume mini,mini,leather,Rouge H,numeric,5650,FR|top_handle|mini|leather,,accepted,
current:HERMÈS-FR-H084948CP0G-20260815,current_2026-08-15,Hermès,FR,EUR,2026-08-15T20:20:39+08:00,2026-08-15,SRC-CURRENT-HERM_S-FR-H084948CP0G-b771ffbc66,H084948CP0G,En Piste,Minaudière En Piste,mini,leather,Rouge Sellier,numeric,5300,FR|flap|mini|leather,,accepted,
current:HERMÈS-FR-H085003CK55-20260815,current_2026-08-15,Hermès,FR,EUR,2026-08-15T20:20:39+08:00,2026-08-15,SRC-CURRENT-HERM_S-FR-H085003CK55-9b6f45feea,H085003CK55,Mini Médor,Sac Mini Médor,mini,leather,Rouge H,numeric,4650,FR|shoulder|mini|leather,,accepted,
current:HERMÈS-FR-H084847CK4D-20260815,current_2026-08-15,Hermès,FR,EUR,2026-08-15T20:20:39+08:00,2026-08-15,SRC-CURRENT-HERM_S-FR-H084847CK4D-0d9aa6c9d5,H084847CK4D,Petite Course,Sac Petite Course,standard,leather,Terre,numeric,4150,FR|crossbody|standard|leather,,accepted,
current:HERMÈS-FR-H088002CKAH-20260815,current_2026-08-15,Hermès,FR,EUR,2026-08-15T20:20:39+08:00,2026-08-15,SRC-CURRENT-HERM_S-FR-H088002CKAH-bc238bc019,H088002CKAH,Médor Clous,Sac Médor Clous,standard,leather,red,numeric,8150,FR|shoulder|standard|leather,,accepted,
current:HERMÈS-FR-H088503CKAB-20260815,current_2026-08-15,Hermès,FR,EUR,2026-08-15T20:20:39+08:00,2026-08-15,SRC-CURRENT-HERM_S-FR-H088503CKAB-958aa58878,H088503CKAB,Balusoie,Sac Balusoie,standard,leather_and_textile,blue,numeric,2170,FR|shoulder|standard|leather_and_textile,,accepted,
current:HERMÈS-FR-H088004CC7U-20260815,current_2026-08-15,Hermès,FR,EUR,2026-08-15T20:20:39+08:00,2026-08-15,SRC-CURRENT-HERM_S-FR-H088004CC7U-8469bc1a53,H088004CC7U,Jypsière,Sac Jypsière mini,mini,leather,rose,numeric,6850,FR|crossbody|mini|leather,,accepted,
current:HERMÈS-FR-H085741CK89-20260815,current_2026-08-15,Hermès,FR,EUR,2026-08-15T20:20:39+08:00,2026-08-15,SRC-CURRENT-HERM_S-FR-H085741CK89-7523e20165,H085741CK89,Néo Médor,Minaudière Néo Médor,standard,leather,beige,numeric,9100,FR|flap|standard|leather,,accepted,
current:HERMÈS-FR-H084337CKAE-20260815,current_2026-08-15,Hermès,FR,EUR,2026-08-15T20:20:39+08:00,2026-08-15,SRC-CURRENT-HERM_S-FR-H084337CKAE-2077112d04,H084337CKAE,Victoria,Sac Victoria III fourre-tout mini,mini,leather,black,numeric,5750,FR|tote|mini|leather,,accepted,
current:HERMÈS-FR-H071205CK89-20260815,current_2026-08-15,Hermès,FR,EUR,2026-08-15T20:20:39+08:00,2026-08-15,SRC-CURRENT-HERM_S-FR-H071205CK89-3a705c7bfd,H071205CK89,Roulis,Sac Roulis mini,mini,leather,black,numeric,7150,FR|crossbody|mini|leather,,accepted,
current:HERMÈS-FR-H086915CK1C-20260815,current_2026-08-15,Hermès,FR,EUR,2026-08-15T20:20:39+08:00,2026-08-15,SRC-CURRENT-HERM_S-FR-H086915CK1C-3cf11bd726,H086915CK1C,Poche Cliquetis,Sac Poche Cliquetis,standard,leather,beige,numeric,5600,FR|shoulder|standard|leather,,accepted,
current:HERMÈS-FR-H084658CKI8-20260815,current_2026-08-15,Hermès,FR,EUR,2026-08-15T20:20:39+08:00,2026-08-15,SRC-CURRENT-HERM_S-FR-H084658CKI8-c1c2474262,H084658CKI8,Della Cavalleria Élan,Sac Hermès Della Cavalleria Élan,standard,leather,yellow,numeric,5900,FR|crossbody|standard|leather,,accepted,
current:HERMÈS-FR-H086915CKI8-20260815,current_2026-08-15,Hermès,FR,EUR,2026-08-15T20:20:39+08:00,2026-08-15,SRC-CURRENT-HERM_S-FR-H086915CKI8-432893c83f,H086915CKI8,Poche Cliquetis,Sac Poche Cliquetis,standard,leather,yellow,numeric,5600,FR|shoulder|standard|leather,,accepted,
current:HERMÈS-FR-H086707CAAG-20260815,current_2026-08-15,Hermès,FR,EUR,2026-08-15T20:20:39+08:00,2026-08-15,SRC-CURRENT-HERM_S-FR-H086707CAAG-96d1601503,H086707CAAG,Néo Double Sens,Sac Néo Double Sens 35 bicolore,35,leather,beige,numeric,4050,FR|tote|35|leather,,accepted,
current:HERMÈS-FR-H085668CKAB-20260815,current_2026-08-15,Hermès,FR,EUR,2026-08-15T20:20:39+08:00,2026-08-15,SRC-CURRENT-HERM_S-FR-H085668CKAB-2599ea89b2,H085668CKAB,P'tit Arçon,Sac P'tit Arçon,standard,leather,yellow,numeric,3950,FR|crossbody|standard|leather,,accepted,
current:HERMÈS-FR-H087026CCQ0-20260815,current_2026-08-15,Hermès,FR,EUR,2026-08-15T20:20:39+08:00,2026-08-15,SRC-CURRENT-HERM_S-FR-H087026CCQ0-e9e5d6a1e1,H087026CCQ0,Petit Tour,Sac Petit Tour 34,34,leather,green,numeric,8900,FR|tote|34|leather,,accepted,
current:HERMÈS-FR-H085367CPQ0-20260815,current_2026-08-15,Hermès,FR,EUR,2026-08-15T20:20:39+08:00,2026-08-15,SRC-CURRENT-HERM_S-FR-H085367CPQ0-196b0d4efa,H085367CPQ0,Della Cavalleria mini II,Sac Hermès Della Cavalleria mini II,mini,leather,green,numeric,5400,FR|crossbody|mini|leather,,accepted,
current:HERMÈS-FR-H085408CKAW-20260815,current_2026-08-15,Hermès,FR,EUR,2026-08-15T20:20:39+08:00,2026-08-15,SRC-CURRENT-HERM_S-FR-H085408CKAW-8df17d693f,H085408CKAW,Geta,Sac Hermès Geta,standard,leather,blue,numeric,5300,FR|shoulder|standard|leather,,accepted,
current:HERMÈS-FR-H088914CK89-20260815,current_2026-08-15,Hermès,FR,EUR,2026-08-15T20:20:39+08:00,2026-08-15,SRC-CURRENT-HERM_S-FR-H088914CK89-cd498d3ec9,H088914CK89,Videpoches,Sac Hermès Videpoches,standard,leather,black,numeric,3800,FR|crossbody|standard|leather,,accepted,
current:HERMÈS-FR-H084151CKAC-20260815,current_2026-08-15,Hermès,FR,EUR,2026-08-15T20:20:39+08:00,2026-08-15,SRC-CURRENT-HERM_S-FR-H084151CKAC-3ae65b5a89,H084151CKAC,Videpoches,Sac Hermès Videpoches,standard,leather,Fauve / Gold,numeric,3300,FR|crossbody|standard|leather,,accepted,
current:HERMÈS-US-H086583CKAC-20260815,current_2026-08-15,Hermès,US,USD,2026-08-15T20:20:39+08:00,2026-08-15,SRC-CURRENT-HERM_S-US-H086583CKAC-6dcd3def29,H086583CKAC,Tablier Sellier,Tablier Sellier bag,standard,leather_and_textile,Rouge H / Écru / Beige,numeric,5850,US|top_handle|standard|leather_and_textile,,accepted,
current:HERMÈS-US-H087987CK10-20260815,current_2026-08-15,Hermès,US,USD,2026-08-15T20:20:39+08:00,2026-08-15,SRC-CURRENT-HERM_S-US-H087987CK10-3f95d4bf3d,H087987CK10,Videpoches,Hermès Videpoches bag,standard,leather,Craie,numeric,3975,US|crossbody|standard|leather,,accepted,
current:HERMÈS-US-H084658CK55-20260815,current_2026-08-15,Hermès,US,USD,2026-08-15T20:20:39+08:00,2026-08-15,SRC-CURRENT-HERM_S-US-H084658CK55-8cc391a9bd,H084658CK55,Della Cavalleria Elan,Hermès Della Cavalleria Elan bag,mini,leather,Rouge H,numeric,8550,US|crossbody|mini|leather,,accepted,
current:HERMÈS-US-H087987CKH0-20260815,current_2026-08-15,Hermès,US,USD,2026-08-15T20:20:39+08:00,2026-08-15,SRC-CURRENT-HERM_S-US-H087987CKH0-4a9331b147,H087987CKH0,Videpoches,Hermès Videpoches bag,standard,leather,Gris Misty,numeric,3975,US|crossbody|standard|leather,,accepted,
current:HERMÈS-US-H086717CKAC-20260815,current_2026-08-15,Hermès,US,USD,2026-08-15T20:20:39+08:00,2026-08-15,SRC-CURRENT-HERM_S-US-H086717CKAC-0b1c175266,H086717CKAC,Neo Garden Voyage,Neo Garden Voyage 41 bag,41,leather_and_textile,Black,numeric,5450,US|tote|41|leather_and_textile,,accepted,
current:HERMÈS-US-H088914CKP0-20260815,current_2026-08-15,Hermès,US,USD,2026-08-15T20:20:39+08:00,2026-08-15,SRC-CURRENT-HERM_S-US-H088914CKP0-523c6f75a4,H088914CKP0,Videpoches,Hermès Videpoches bag,standard,leather,Beige/Natural,numeric,5500,US|crossbody|standard|leather,,accepted,
current:HERMÈS-US-H086717CKAH-20260815,current_2026-08-15,Hermès,US,USD,2026-08-15T20:20:39+08:00,2026-08-15,SRC-CURRENT-HERM_S-US-H086717CKAH-21bc51bb98,H086717CKAH,Neo Garden Voyage,Neo Garden Voyage 41 bag,41,leather_and_textile,Blue,numeric,5450,US|tote|41|leather_and_textile,,accepted,
current:HERMÈS-US-H088914CK37-20260815,current_2026-08-15,Hermès,US,USD,2026-08-15T20:20:39+08:00,2026-08-15,SRC-CURRENT-HERM_S-US-H088914CK37-bd8a4775b5,H088914CK37,Videpoches,Hermès Videpoches bag,standard,leather,Beige/Natural,numeric,5500,US|crossbody|standard|leather,,accepted,
current:HERMÈS-US-H088914CK18-20260815,current_2026-08-15,Hermès,US,USD,2026-08-15T20:20:39+08:00,2026-08-15,SRC-CURRENT-HERM_S-US-H088914CK18-5f8c8c661e,H088914CK18,Videpoches,Hermès Videpoches bag,standard,leather,Étoupe,numeric,5500,US|crossbody|standard|leather,,accepted,
current:HERMÈS-US-H084151CKAC-20260815,current_2026-08-15,Hermès,US,USD,2026-08-15T20:20:39+08:00,2026-08-15,SRC-CURRENT-HERM_S-US-H084151CKAC-e27b26b21a,H084151CKAC,Videpoches,Hermès Videpoches bag,standard,leather,Fauve / Gold,numeric,4750,US|crossbody|standard|leather,,accepted,
current:HERMÈS-US-H083591CK7K-20260815,current_2026-08-15,Hermès,US,USD,2026-08-15T20:20:39+08:00,2026-08-15,SRC-CURRENT-HERM_S-US-H083591CK7K-c370964db1,H083591CK7K,Hac a Dos,Hac a Dos GM backpack,GM,leather,Bleu Abysse,numeric,13200,US|backpack|GM|leather,,accepted,
current:HERMÈS-US-H087119CKAD-20260815,current_2026-08-15,Hermès,US,USD,2026-08-15T20:20:39+08:00,2026-08-15,SRC-CURRENT-HERM_S-US-H087119CKAD-233f452a71,H087119CKAD,Jypsière,Jypsiere mini Toile & Cuir bag,mini,leather_and_textile,Écru / Bleu Glacier / Gris Pantin,numeric,9350,US|crossbody|mini|leather_and_textile,,accepted,
current:HERMÈS-US-H085961CKAB-20260815,current_2026-08-15,Hermès,US,USD,2026-08-15T20:20:39+08:00,2026-08-15,SRC-CURRENT-HERM_S-US-H085961CKAB-e13f30517e,H085961CKAB,Horseback,Horseback bag,standard,leather_and_textile,Bleu Marine / Caban,numeric,6850,US|crossbody|standard|leather_and_textile,,accepted,
current:HERMÈS-US-H087128CKAC-20260815,current_2026-08-15,Hermès,US,USD,2026-08-15T20:20:39+08:00,2026-08-15,SRC-CURRENT-HERM_S-US-H087128CKAC-bd31e03dbb,H087128CKAC,Silkycity,Silkycity 33 bag,33,leather_and_textile,Craie / Gris Pantin,numeric,3075,US|crossbody|33|leather_and_textile,,accepted,
current:HERMÈS-US-H086394CKAC-20260815,current_2026-08-15,Hermès,US,USD,2026-08-15T20:20:39+08:00,2026-08-15,SRC-CURRENT-HERM_S-US-H086394CKAC-44dea81985,H086394CKAC,P'tit Arçon,P'tit Arcon Toile & Cuir bag,standard,leather_and_textile,Beige/Natural,numeric,5550,US|crossbody|standard|leather_and_textile,,accepted,
current:HERMÈS-US-H084489CKAC-20260815,current_2026-08-15,Hermès,US,USD,2026-08-15T20:20:39+08:00,2026-08-15,SRC-CURRENT-HERM_S-US-H084489CKAC-050b0181da,H084489CKAC,Herbag,Herbag Messenger 39 bag,39,leather_and_textile,Blue,numeric,4550,US|shoulder|39|leather_and_textile,,accepted,
current:HERMÈS-US-H078401CK37-20260815,current_2026-08-15,Hermès,US,USD,2026-08-15T20:20:39+08:00,2026-08-15,SRC-CURRENT-HERM_S-US-H078401CK37-206af4861c,H078401CK37,Kelly depeches,Kelly depeches 25 pouch,25,leather,Beige/Natural,numeric,11100,US|flap|25|leather,,accepted,
current:HERMÈS-US-H084623CKAF-20260815,current_2026-08-15,Hermès,US,USD,2026-08-15T20:20:39+08:00,2026-08-15,SRC-CURRENT-HERM_S-US-H084623CKAF-2b44b80914,H084623CKAF,Herbag,Herbag Messenger 39 bag,39,leather_and_textile,Beige/Natural,numeric,4550,US|shoulder|39|leather_and_textile,,accepted,
current:HERMÈS-US-H085408CKAW-20260815,current_2026-08-15,Hermès,US,USD,2026-08-15T20:20:39+08:00,2026-08-15,SRC-CURRENT-HERM_S-US-H085408CKAW-7e939d9576,H085408CKAW,Geta,Hermès Geta bag,standard,leather,Beige/Natural,numeric,7650,US|shoulder|standard|leather,,accepted,
current:HERMÈS-US-H088914CK89-20260815,current_2026-08-15,Hermès,US,USD,2026-08-15T20:20:39+08:00,2026-08-15,SRC-CURRENT-HERM_S-US-H088914CK89-c7add9a12d,H088914CK89,Videpoches,Hermès Videpoches bag,standard,leather,Black,numeric,5500,US|crossbody|standard|leather,,accepted,
history:CH-C01-FR-2026-08-15-FR,historical_panel_2026-08-15,Chanel,FR,EUR,2026-08-15,2026-08-15,SRC-CH-C01-CURRENT-FR,A01112-Y04059-U8390,Classic 11.12,Sac classique 11.12,unknown,leather,Camel,numeric,10500,FR|flap|unknown|leather,CH-C01,accepted,
history:CH-C01-US-2026-08-15-US,historical_panel_2026-08-15,Chanel,US,USD,2026-08-15,2026-08-15,SRC-CH-C01-CURRENT-US,A01112-Y04059-U8390,Classic 11.12,Classic 11.12 Handbag,unknown,leather,Camel,numeric,11700,US|flap|unknown|leather,CH-C01,accepted,
history:CH-C02-FR-2026-08-15-FR,historical_panel_2026-08-15,Chanel,FR,EUR,2026-08-15,2026-08-15,SRC-CH-C02-CURRENT-FR,A01113-Y01864-C3906,Small Classic,Petit sac classique,unknown,leather,Noir & bordeaux,numeric,10100,FR|flap|unknown|leather,CH-C02,accepted,
history:CH-C02-US-2026-08-15-US,historical_panel_2026-08-15,Chanel,US,USD,2026-08-15,2026-08-15,SRC-CH-C02-CURRENT-US,A01113-Y01864-C3906,Small Classic,Small Classic Handbag,unknown,leather,Black & Burgundy,numeric,11300,US|flap|unknown|leather,CH-C02,accepted,
history:CH-C03-FR-2026-08-15-FR,historical_panel_2026-08-15,Chanel,FR,EUR,2026-08-15,2026-08-15,SRC-CH-C03-CURRENT-FR,A35200-Y04059-94305,Mini Classic,Mini sac classique,unknown,leather,Noir,numeric,4850,FR|flap|unknown|leather,CH-C03,accepted,
history:CH-C03-US-2026-08-15-US,historical_panel_2026-08-15,Chanel,US,USD,2026-08-15,2026-08-15,SRC-CH-C03-CURRENT-US,A35200-Y04059-94305,Mini Classic,Mini Classic Handbag,unknown,leather,Black,numeric,5400,US|flap|unknown|leather,CH-C03,accepted,
history:CH-C04-FR-2026-08-15-FR,historical_panel_2026-08-15,Chanel,FR,EUR,2026-08-15,2026-08-15,SRC-CH-C04-CURRENT-FR,A69900-Y04059-94305,Mini Classic,Mini sac classique,unknown,leather,Noir,numeric,5050,FR|flap|unknown|leather,CH-C04,accepted,
history:CH-C04-US-2026-08-15-US,historical_panel_2026-08-15,Chanel,US,USD,2026-08-15,2026-08-15,SRC-CH-C04-CURRENT-US,A69900-Y04059-94305,Mini Classic,Mini Classic Handbag,unknown,leather,Black,numeric,5600,US|flap|unknown|leather,CH-C04,accepted,
history:HM-H01-FR-2026-08-15-FR,historical_panel_2026-08-15,Hermès,FR,EUR,2026-08-15,2026-08-15,SRC-HM-H01-CURRENT-FR,H085408CKAW,Geta,Sac Hermès Geta,standard,leather,blue,numeric,5300,FR|geta|standard|leather,HM-H01,accepted,
history:HM-H01-US-2026-08-15-US,historical_panel_2026-08-15,Hermès,US,USD,2026-08-15,2026-08-15,SRC-HM-H01-CURRENT-US,H085408CKAW,Geta,Hermès Geta bag,standard,leather,Beige/Natural,numeric,7650,US|geta|standard|leather,HM-H01,accepted,
history:HM-H02-FR-2026-08-15-FR,historical_panel_2026-08-15,Hermès,FR,EUR,2026-08-15,2026-08-15,SRC-HM-H02-CURRENT-FR,H088004CC7U,Jypsière,Sac Jypsière mini,mini,leather,rose,numeric,6850,FR|jypsière|mini|leather,HM-H02,accepted,
history:HM-H02-US-2026-08-15-US,historical_panel_2026-08-15,Hermès,US,USD,2026-08-15,2026-08-15,SRC-HM-H02-CURRENT-US,H087119CKAD,Jypsière,Jypsiere mini Toile & Cuir bag,mini,leather_and_textile,Écru / Bleu Glacier / Gris Pantin,numeric,9350,US|jypsière|mini|leather_and_textile,HM-H02,accepted,
history:LV-L01-FR-2026-08-15-FR,historical_panel_2026-08-15,Louis Vuitton,FR,EUR,2026-08-15,2026-08-15,SRC-LV-L01-CURRENT-FR,M2A038,Speedy,Sac Speedy Bandoulière 25,25,textile_or_mixed,Monogram Dune,numeric,3200,FR|speedy|25|textile_or_mixed,LV-L01,accepted,
history:LV-L01-US-2026-08-15-US,historical_panel_2026-08-15,Louis Vuitton,US,USD,2026-08-15,2026-08-15,SRC-LV-L01-CURRENT-US,M2A038,Speedy,Speedy Bandoulière 25,25,textile_or_mixed,Monogram Dune,numeric,4150,US|speedy|25|textile_or_mixed,LV-L01,accepted,
history:LV-L02-FR-2026-08-15-FR,historical_panel_2026-08-15,Louis Vuitton,FR,EUR,2026-08-15,2026-08-15,SRC-LV-L02-CURRENT-FR,M2A099,Speedy,Sac Speedy Bandoulière 20,20,leather,Link Quartz,numeric,2400,FR|speedy|20|leather,LV-L02,accepted,
history:LV-L03-FR-2026-08-15-FR,historical_panel_2026-08-15,Louis Vuitton,FR,EUR,2026-08-15,2026-08-15,SRC-LV-L03-CURRENT-FR,M3A842,Alma,Sac Alma BB,BB,leather,green,numeric,2800,FR|alma|BB|leather,LV-L03,accepted,
history:LV-L03-US-2026-08-15-US,historical_panel_2026-08-15,Louis Vuitton,US,USD,2026-08-15,2026-08-15,SRC-LV-L03-CURRENT-US,M46990,Alma,Alma BB,BB,textile_or_mixed,Monogram,numeric,2000,US|alma|BB|textile_or_mixed,LV-L03,accepted,
history:LV-L04-US-2026-08-15-US,historical_panel_2026-08-15,Louis Vuitton,US,USD,2026-08-15,2026-08-15,SRC-LV-L04-CURRENT-US,M46987,Neverfull,Neverfull MM,MM,textile_or_mixed,Monogram,numeric,2240,US|neverfull|MM|textile_or_mixed,LV-L04,accepted,
history:DI-D01-FR-2026-08-15-FR,historical_panel_2026-08-15,Dior,FR,EUR,2026-08-15,2026-08-15,SRC-DI-D01-CURRENT-FR,M0457CUQW_M900,Saddle,Saddle Small Bag with Strap,small,leather,black,numeric,3650,FR|saddle|small|leather,DI-D01,accepted,
history:DI-D01-US-2026-08-15-US,historical_panel_2026-08-15,Dior,US,USD,2026-08-15,2026-08-15,SRC-DI-D01-CURRENT-US,M0457CUQW_M900,Saddle,Saddle Small Bag with Strap,small,leather,black,numeric,4400,US|saddle|small|leather,DI-D01,accepted,
history:DI-D02-FR-2026-08-15-FR,historical_panel_2026-08-15,Dior,FR,EUR,2026-08-15,2026-08-15,SRC-DI-D02-CURRENT-FR,M1325OWHP_M900,Dior Book Tote,Small Dior Book Tote,small,leather,black,numeric,3250,FR|dior book tote|small|leather,DI-D02,accepted,
history:DI-D02-US-2026-08-15-US,historical_panel_2026-08-15,Dior,US,USD,2026-08-15,2026-08-15,SRC-DI-D02-CURRENT-US,M1325OWHP_M900,Dior Book Tote,Small Dior Book Tote,small,leather,black,numeric,3900,US|dior book tote|small|leather,DI-D02,accepted,
history:DI-D03-FR-2026-08-15-FR,historical_panel_2026-08-15,Dior,FR,EUR,2026-08-15,2026-08-15,SRC-DI-D03-CURRENT-FR,M1324OWHP_M51U,Dior Book Tote,Medium Dior Book Tote,medium,leather,beige powder,numeric,3650,FR|dior book tote|medium|leather,DI-D03,accepted,
history:DI-D03-US-2026-08-15-US,historical_panel_2026-08-15,Dior,US,USD,2026-08-15,2026-08-15,SRC-DI-D03-CURRENT-US,M1324OWHP_M51U,Dior Book Tote,Medium Dior Book Tote,medium,leather,beige powder,unresolved,,US|dior book tote|medium|leather,DI-D03,accepted,
history:CH-C01-FR-2022-2024,historical_panel_2026-08-15,Chanel,FR,EUR,2022,2022,SRC-CH-C01-BAGAHOLIC-2024,A01112-Y04059-U8390,Classic 11.12,Sac classique 11.12,unknown,unknown,,numeric,8990,FR|flap|unknown|unknown,CH-C01,accepted,
history:CH-C01-FR-2023-2024,historical_panel_2026-08-15,Chanel,FR,EUR,2023,2023,SRC-CH-C01-BAGAHOLIC-2024,A01112-Y04059-U8390,Classic 11.12,Sac classique 11.12,unknown,unknown,,numeric,9700,FR|flap|unknown|unknown,CH-C01,accepted,
history:CH-C01-FR-2024-2024,historical_panel_2026-08-15,Chanel,FR,EUR,2024,2024,SRC-CH-C01-BAGAHOLIC-2024,A01112-Y04059-U8390,Classic 11.12,Sac classique 11.12,unknown,unknown,,numeric,10300,FR|flap|unknown|unknown,CH-C01,accepted,
history:CH-C02-FR-2022-2024,historical_panel_2026-08-15,Chanel,FR,EUR,2022,2022,SRC-CH-C02-BAGAHOLIC-2024,A01113-Y01864-C3906,Small Classic,Petit sac classique,unknown,unknown,,numeric,8450,FR|flap|unknown|unknown,CH-C02,accepted,
history:CH-C02-FR-2023-2024,historical_panel_2026-08-15,Chanel,FR,EUR,2023,2023,SRC-CH-C02-BAGAHOLIC-2024,A01113-Y01864-C3906,Small Classic,Petit sac classique,unknown,unknown,,numeric,9300,FR|flap|unknown|unknown,CH-C02,accepted,
history:CH-C02-FR-2024-2024,historical_panel_2026-08-15,Chanel,FR,EUR,2024,2024,SRC-CH-C02-BAGAHOLIC-2024,A01113-Y01864-C3906,Small Classic,Petit sac classique,unknown,unknown,,numeric,9900,FR|flap|unknown|unknown,CH-C02,accepted,
history:CH-C03-FR-2020-2020,historical_panel_2026-08-15,Chanel,FR,EUR,2020,2020,SRC-CH-C03-PURSEBOP-2020,A35200-Y04059-94305,Mini Classic,Mini sac classique,unknown,unknown,,numeric,3350,FR|flap|unknown|unknown,CH-C03,accepted,
history:CH-C03-FR-2022-2024,historical_panel_2026-08-15,Chanel,FR,EUR,2022,2022,SRC-CH-C03-BAGAHOLIC-2024,A35200-Y04059-94305,Mini Classic,Mini sac classique,unknown,unknown,,numeric,4150,FR|flap|unknown|unknown,CH-C03,accepted,
history:CH-C03-FR-2023-2024,historical_panel_2026-08-15,Chanel,FR,EUR,2023,2023,SRC-CH-C03-BAGAHOLIC-2024,A35200-Y04059-94305,Mini Classic,Mini sac classique,unknown,unknown,,numeric,4500,FR|flap|unknown|unknown,CH-C03,accepted,
history:CH-C03-FR-2024-2024,historical_panel_2026-08-15,Chanel,FR,EUR,2024,2024,SRC-CH-C03-BAGAHOLIC-2024,A35200-Y04059-94305,Mini Classic,Mini sac classique,unknown,unknown,,numeric,4750,FR|flap|unknown|unknown,CH-C03,accepted,
history:CH-C04-FR-2022-2024,historical_panel_2026-08-15,Chanel,FR,EUR,2022,2022,SRC-CH-C04-BAGAHOLIC-2024,A69900-Y04059-94305,Mini Classic,Mini sac classique,unknown,unknown,,numeric,4350,FR|flap|unknown|unknown,CH-C04,accepted,
history:CH-C04-FR-2023-2024,historical_panel_2026-08-15,Chanel,FR,EUR,2023,2023,SRC-CH-C04-BAGAHOLIC-2024,A69900-Y04059-94305,Mini Classic,Mini sac classique,unknown,unknown,,numeric,4700,FR|flap|unknown|unknown,CH-C04,accepted,
history:CH-C04-FR-2024-2024,historical_panel_2026-08-15,Chanel,FR,EUR,2024,2024,SRC-CH-C04-BAGAHOLIC-2024,A69900-Y04059-94305,Mini Classic,Mini sac classique,unknown,unknown,,numeric,4950,FR|flap|unknown|unknown,CH-C04,accepted,
history:HM-H01-FR-2022-2022,historical_panel_2026-08-15,Hermès,FR,EUR,2022,2022,SRC-HM-H01-LUXEFRONT-2022,H085408CKAW,Geta,Sac Hermès Geta,unknown,unknown,,numeric,4550,FR|geta|unknown|unknown,HM-H01,accepted,
history:HM-H01-FR-2023-2022,historical_panel_2026-08-15,Hermès,FR,EUR,2023,2023,SRC-HM-H01-LUXEFRONT-2022,H085408CKAW,Geta,Sac Hermès Geta,unknown,unknown,,numeric,5550,FR|geta|unknown|unknown,HM-H01,accepted_conflict,source conflict retained for sensitivity
history:HM-H01-FR-2023-2024,historical_panel_2026-08-15,Hermès,FR,EUR,2023,2023,SRC-HM-H01-PURSEBOP-EU-2024,H085408CKAW,Geta,Sac Hermès Geta,unknown,unknown,,numeric,4550,FR|geta|unknown|unknown,HM-H01,accepted_conflict,source conflict retained for sensitivity
history:HM-H01-FR-2024-2024,historical_panel_2026-08-15,Hermès,FR,EUR,2024,2024,SRC-HM-H01-PURSEBOP-EU-2024,H085408CKAW,Geta,Sac Hermès Geta,unknown,unknown,,numeric,4850,FR|geta|unknown|unknown,HM-H01,accepted,
history:HM-H01-US-2023-2024,historical_panel_2026-08-15,Hermès,US,USD,2023,2023,SRC-HM-H01-PURSEBLOG-US-2024,H085408CKAW,Geta,Hermès Geta bag,unknown,unknown,,numeric,5950,US|geta|unknown|unknown,HM-H01,accepted,
history:HM-H01-US-2024-2024,historical_panel_2026-08-15,Hermès,US,USD,2024,2024,SRC-HM-H01-PURSEBLOG-US-2024,H085408CKAW,Geta,Hermès Geta bag,unknown,unknown,,numeric,6450,US|geta|unknown|unknown,HM-H01,accepted,
history:HM-H02-FR-2023-2024,historical_panel_2026-08-15,Hermès,FR,EUR,2023,2023,SRC-HM-H02-PURSEBOP-EU-2024,H088004CC7U,Jypsière,Sac Jypsière mini,unknown,leather,,numeric,5500,FR|jypsière|unknown|leather,HM-H02,accepted,
history:HM-H02-FR-2024-2024,historical_panel_2026-08-15,Hermès,FR,EUR,2024,2024,SRC-HM-H02-PURSEBOP-EU-2024,H088004CC7U,Jypsière,Sac Jypsière mini,unknown,leather,,numeric,6000,FR|jypsière|unknown|leather,HM-H02,accepted,
history:LV-L01-FR-2021-2021,historical_panel_2026-08-15,Louis Vuitton,FR,EUR,2021,2021-01-07,SRC-LV-L01-BAGAHOLIC-2021,M2A038,Speedy,Sac Speedy Bandoulière 25,unknown,unknown,,numeric,1180,FR|speedy|unknown|unknown,LV-L01,accepted,
history:LV-L01-US-2021-2021,historical_panel_2026-08-15,Louis Vuitton,US,USD,2021,2021-01-07,SRC-LV-L01-BAGAHOLIC-2021,M2A038,Speedy,Speedy Bandoulière 25,unknown,unknown,,numeric,1650,US|speedy|unknown|unknown,LV-L01,accepted,
history:LV-L01-FR-2022-2022,historical_panel_2026-08-15,Louis Vuitton,FR,EUR,2022,2022,SRC-LV-L01-LUXEFRONT-2022,M2A038,Speedy,Sac Speedy Bandoulière 25,unknown,unknown,,numeric,1390,FR|speedy|unknown|unknown,LV-L01,accepted,
history:LV-L01-US-2022-2022,historical_panel_2026-08-15,Louis Vuitton,US,USD,2022,2022,SRC-LV-L01-LUXEFRONT-2022,M2A038,Speedy,Speedy Bandoulière 25,unknown,unknown,,numeric,1820,US|speedy|unknown|unknown,LV-L01,accepted,
history:LV-L01-FR-2023-2022,historical_panel_2026-08-15,Louis Vuitton,FR,EUR,2023,2023,SRC-LV-L01-LUXEFRONT-2022,M2A038,Speedy,Sac Speedy Bandoulière 25,unknown,unknown,,numeric,1450,FR|speedy|unknown|unknown,LV-L01,accepted,
history:LV-L01-FR-2024-2024,historical_panel_2026-08-15,Louis Vuitton,FR,EUR,2024,2024,SRC-LV-L01-PURSEBOP-2024,M2A038,Speedy,Sac Speedy Bandoulière 25,unknown,unknown,,numeric,1550,FR|speedy|unknown|unknown,LV-L01,accepted,
history:LV-L01-US-2024-2024,historical_panel_2026-08-15,Louis Vuitton,US,USD,2024,2024,SRC-LV-L01-PURSEBOP-2024,M2A038,Speedy,Speedy Bandoulière 25,unknown,unknown,,numeric,1820,US|speedy|unknown|unknown,LV-L01,accepted,
history:LV-L02-FR-2022-2022,historical_panel_2026-08-15,Louis Vuitton,FR,EUR,2022,2022,SRC-LV-L02-LUXEFRONT-2022,M2A099,Speedy,Sac Speedy Bandoulière 20,unknown,other_or_unclear,,numeric,1960,FR|speedy|unknown|other_or_unclear,LV-L02,accepted,
history:LV-L02-FR-2023-2022,historical_panel_2026-08-15,Louis Vuitton,FR,EUR,2023,2023,SRC-LV-L02-LUXEFRONT-2022,M2A099,Speedy,Sac Speedy Bandoulière 20,unknown,other_or_unclear,,numeric,2050,FR|speedy|unknown|other_or_unclear,LV-L02,accepted,
history:LV-L03-FR-2021-2021,historical_panel_2026-08-15,Louis Vuitton,FR,EUR,2021,2021-01-07,SRC-LV-L03-BAGAHOLIC-2021,M3A842,Alma,Sac Alma BB,unknown,unknown,,numeric,1100,FR|alma|unknown|unknown,LV-L03,accepted,
history:LV-L03-US-2021-2021,historical_panel_2026-08-15,Louis Vuitton,US,USD,2021,2021-01-07,SRC-LV-L03-BAGAHOLIC-2021,M46990,Alma,Alma BB,unknown,unknown,,numeric,1480,US|alma|unknown|unknown,LV-L03,accepted,
history:LV-L03-FR-2022-2022,historical_panel_2026-08-15,Louis Vuitton,FR,EUR,2022,2022,SRC-LV-L03-LUXEFRONT-2022,M3A842,Alma,Sac Alma BB,unknown,unknown,,numeric,1340,FR|alma|unknown|unknown,LV-L03,accepted,
history:LV-L03-US-2022-2022,historical_panel_2026-08-15,Louis Vuitton,US,USD,2022,2022,SRC-LV-L03-LUXEFRONT-2022,M46990,Alma,Alma BB,unknown,unknown,,numeric,1760,US|alma|unknown|unknown,LV-L03,accepted,
history:LV-L03-FR-2023-2022,historical_panel_2026-08-15,Louis Vuitton,FR,EUR,2023,2023,SRC-LV-L03-LUXEFRONT-2022,M3A842,Alma,Sac Alma BB,unknown,unknown,,numeric,1400,FR|alma|unknown|unknown,LV-L03,accepted,
history:LV-L03-US-2024-2024,historical_panel_2026-08-15,Louis Vuitton,US,USD,2024,2024,SRC-LV-L03-PURSEBOP-2024,M46990,Alma,Alma BB,unknown,unknown,,numeric,1820,US|alma|unknown|unknown,LV-L03,accepted,
history:LV-L03-FR-2024-2024,historical_panel_2026-08-15,Louis Vuitton,FR,EUR,2024,2024,SRC-LV-L03-PURSEBOP-2024,M3A842,Alma,Sac Alma BB,unknown,unknown,,numeric,1550,FR|alma|unknown|unknown,LV-L03,accepted,
history:LV-L04-FR-2021-2021,historical_panel_2026-08-15,Louis Vuitton,FR,EUR,2021,2021-01-07,SRC-LV-L04-BAGAHOLIC-2021,M46987,Neverfull,Neverfull MM,unknown,unknown,,numeric,1150,FR|neverfull|unknown|unknown,LV-L04,accepted,
history:LV-L04-US-2021-2021,historical_panel_2026-08-15,Louis Vuitton,US,USD,2021,2021-01-07,SRC-LV-L04-BAGAHOLIC-2021,M46987,Neverfull,Neverfull MM,unknown,unknown,,numeric,1540,US|neverfull|unknown|unknown,LV-L04,accepted,
history:LV-L04-FR-2022-2022,historical_panel_2026-08-15,Louis Vuitton,FR,EUR,2022,2022,SRC-LV-L04-LUXEFRONT-2022,M46987,Neverfull,Neverfull MM,unknown,textile_or_mixed,,numeric,1500,FR|neverfull|unknown|textile_or_mixed,LV-L04,accepted,
history:LV-L04-US-2022-2022,historical_panel_2026-08-15,Louis Vuitton,US,USD,2022,2022,SRC-LV-L04-LUXEFRONT-2022,M46987,Neverfull,Neverfull MM,unknown,textile_or_mixed,,numeric,2030,US|neverfull|unknown|textile_or_mixed,LV-L04,accepted,
history:LV-L04-FR-2023-2023,historical_panel_2026-08-15,Louis Vuitton,FR,EUR,2023,2023,SRC-LV-L04-PETITEINPARIS-2023,M46987,Neverfull,Neverfull MM,unknown,textile_or_mixed,,numeric,1500,FR|neverfull|unknown|textile_or_mixed,LV-L04,accepted,
history:LV-L04-US-2023-2023,historical_panel_2026-08-15,Louis Vuitton,US,USD,2023,2023,SRC-LV-L04-PETITEINPARIS-2023,M46987,Neverfull,Neverfull MM,unknown,textile_or_mixed,,numeric,2030,US|neverfull|unknown|textile_or_mixed,LV-L04,accepted,
history:DI-D01-US-2022-2023,historical_panel_2026-08-15,Dior,US,USD,2022,2022,SRC-DI-D01-FIFTHAVENUE-2023,M0457CUQW_M900,Saddle,Saddle Small Bag with Strap,unknown,unknown,,numeric,4200,US|saddle|unknown|unknown,DI-D01,accepted,
history:DI-D01-US-2023-2023,historical_panel_2026-08-15,Dior,US,USD,2023,2023-07-05,SRC-DI-D01-FIFTHAVENUE-2023,M0457CUQW_M900,Saddle,Saddle Small Bag with Strap,unknown,unknown,,numeric,4400,US|saddle|unknown|unknown,DI-D01,accepted,
history:DI-D02-FR-2024-2024,historical_panel_2026-08-15,Dior,FR,EUR,2024,2024,SRC-DI-D02-BAGAHOLIC-2024,M1325OWHP_M900,Dior Book Tote,Small Dior Book Tote,small,textile_or_mixed,,numeric,2600,FR|dior book tote|small|textile_or_mixed,DI-D02,accepted,
history:DI-D02-US-2024-2024,historical_panel_2026-08-15,Dior,US,USD,2024,2024,SRC-DI-D02-BAGAHOLIC-2024,M1325OWHP_M900,Dior Book Tote,Small Dior Book Tote,small,textile_or_mixed,,numeric,3250,US|dior book tote|small|textile_or_mixed,DI-D02,accepted,
history:DI-D03-US-2019-2020,historical_panel_2026-08-15,Dior,US,USD,2019,2019,SRC-DI-D03-PURSEBOP-2020,M1324OWHP_M51U,Dior Book Tote,Medium Dior Book Tote,medium,textile_or_mixed,,numeric,2700,US|dior book tote|medium|textile_or_mixed,DI-D03,accepted,
history:DI-D03-US-2020-2020,historical_panel_2026-08-15,Dior,US,USD,2020,2020,SRC-DI-D03-PURSEBOP-2020,M1324OWHP_M51U,Dior Book Tote,Medium Dior Book Tote,medium,textile_or_mixed,,numeric,2900,US|dior book tote|medium|textile_or_mixed,DI-D03,accepted,
history:DI-D03-US-2023-07-2023,historical_panel_2026-08-15,Dior,US,USD,2023-07,2023-07,SRC-DI-D03-FIFTHAVENUE-2023,M1324OWHP_M51U,Dior Book Tote,Medium Dior Book Tote,medium,other_or_unclear,,numeric,3350,US|dior book tote|medium|other_or_unclear,DI-D03,accepted,
history:DI-D03-US-2023-07-05-2023,historical_panel_2026-08-15,Dior,US,USD,2023-07-05,2023-07-05,SRC-DI-D03-FIFTHAVENUE-2023,M1324OWHP_M51U,Dior Book Tote,Medium Dior Book Tote,medium,other_or_unclear,,numeric,3450,US|dior book tote|medium|other_or_unclear,DI-D03,accepted,
history:DI-D03-FR-2024-2024,historical_panel_2026-08-15,Dior,FR,EUR,2024,2024,SRC-DI-D03-BAGAHOLIC-2024,M1324OWHP_M51U,Dior Book Tote,Medium Dior Book Tote,medium,textile_or_mixed,,numeric,2700,FR|dior book tote|medium|textile_or_mixed,DI-D03,accepted,
history:DI-D03-US-2024-2024,historical_panel_2026-08-15,Dior,US,USD,2024,2024,SRC-DI-D03-BAGAHOLIC-2024,M1324OWHP_M51U,Dior Book Tote,Medium Dior Book Tote,medium,textile_or_mixed,,numeric,3350,US|dior book tote|medium|textile_or_mixed,DI-D03,accepted,
