brand,market,currency,lower_rank,upper_rank,lower_price,upper_price,absolute_step,relative_step_pct,step_definition
CHANEL,FR,EUR,1,2,4850,4900,50,1.03,adjacent sorted numeric SKU observations; duplicate prices retained
CHANEL,FR,EUR,2,3,4900,5050,150,3.06,adjacent sorted numeric SKU observations; duplicate prices retained
CHANEL,FR,EUR,3,4,5050,5600,550,10.89,adjacent sorted numeric SKU observations; duplicate prices retained
CHANEL,FR,EUR,4,5,5600,5800,200,3.57,adjacent sorted numeric SKU observations; duplicate prices retained
CHANEL,FR,EUR,5,6,5800,5800,0,0,adjacent sorted numeric SKU observations; duplicate prices retained
CHANEL,FR,EUR,6,7,5800,6000,200,3.45,adjacent sorted numeric SKU observations; duplicate prices retained
CHANEL,FR,EUR,7,8,6000,6200,200,3.33,adjacent sorted numeric SKU observations; duplicate prices retained
CHANEL,FR,EUR,8,9,6200,6500,300,4.84,adjacent sorted numeric SKU observations; duplicate prices retained
CHANEL,FR,EUR,9,10,6500,6700,200,3.08,adjacent sorted numeric SKU observations; duplicate prices retained
CHANEL,FR,EUR,10,11,6700,10000,3300,49.25,adjacent sorted numeric SKU observations; duplicate prices retained
CHANEL,FR,EUR,11,12,10000,10000,0,0,adjacent sorted numeric SKU observations; duplicate prices retained
CHANEL,FR,EUR,12,13,10000,10100,100,1,adjacent sorted numeric SKU observations; duplicate prices retained
CHANEL,FR,EUR,13,14,10100,10500,400,3.96,adjacent sorted numeric SKU observations; duplicate prices retained
CHANEL,FR,EUR,14,15,10500,10500,0,0,adjacent sorted numeric SKU observations; duplicate prices retained
CHANEL,FR,EUR,15,16,10500,10500,0,0,adjacent sorted numeric SKU observations; duplicate prices retained
CHANEL,FR,EUR,16,17,10500,12250,1750,16.67,adjacent sorted numeric SKU observations; duplicate prices retained
CHANEL,US,USD,1,2,5400,5500,100,1.85,adjacent sorted numeric SKU observations; duplicate prices retained
CHANEL,US,USD,2,3,5500,5600,100,1.82,adjacent sorted numeric SKU observations; duplicate prices retained
CHANEL,US,USD,3,4,5600,6100,500,8.93,adjacent sorted numeric SKU observations; duplicate prices retained
CHANEL,US,USD,4,5,6100,6300,200,3.28,adjacent sorted numeric SKU observations; duplicate prices retained
CHANEL,US,USD,5,6,6300,6500,200,3.17,adjacent sorted numeric SKU observations; duplicate prices retained
CHANEL,US,USD,6,7,6500,6600,100,1.54,adjacent sorted numeric SKU observations; duplicate prices retained
CHANEL,US,USD,7,8,6600,6700,100,1.52,adjacent sorted numeric SKU observations; duplicate prices retained
CHANEL,US,USD,8,9,6700,6900,200,2.99,adjacent sorted numeric SKU observations; duplicate prices retained
CHANEL,US,USD,9,10,6900,7300,400,5.80,adjacent sorted numeric SKU observations; duplicate prices retained
CHANEL,US,USD,10,11,7300,7400,100,1.37,adjacent sorted numeric SKU observations; duplicate prices retained
CHANEL,US,USD,11,12,7400,11000,3600,48.65,adjacent sorted numeric SKU observations; duplicate prices retained
CHANEL,US,USD,12,13,11000,11000,0,0,adjacent sorted numeric SKU observations; duplicate prices retained
CHANEL,US,USD,13,14,11000,11300,300,2.73,adjacent sorted numeric SKU observations; duplicate prices retained
CHANEL,US,USD,14,15,11300,11700,400,3.54,adjacent sorted numeric SKU observations; duplicate prices retained
CHANEL,US,USD,15,16,11700,11700,0,0,adjacent sorted numeric SKU observations; duplicate prices retained
CHANEL,US,USD,16,17,11700,11700,0,0,adjacent sorted numeric SKU observations; duplicate prices retained
CHANEL,US,USD,17,18,11700,13500,1800,15.38,adjacent sorted numeric SKU observations; duplicate prices retained
Hermès,FR,EUR,1,2,2170,3300,1130,52.07,adjacent sorted numeric SKU observations; duplicate prices retained
Hermès,FR,EUR,2,3,3300,3800,500,15.15,adjacent sorted numeric SKU observations; duplicate prices retained
Hermès,FR,EUR,3,4,3800,3950,150,3.95,adjacent sorted numeric SKU observations; duplicate prices retained
Hermès,FR,EUR,4,5,3950,4050,100,2.53,adjacent sorted numeric SKU observations; duplicate prices retained
Hermès,FR,EUR,5,6,4050,4150,100,2.47,adjacent sorted numeric SKU observations; duplicate prices retained
Hermès,FR,EUR,6,7,4150,4650,500,12.05,adjacent sorted numeric SKU observations; duplicate prices retained
Hermès,FR,EUR,7,8,4650,5300,650,13.98,adjacent sorted numeric SKU observations; duplicate prices retained
Hermès,FR,EUR,8,9,5300,5300,0,0,adjacent sorted numeric SKU observations; duplicate prices retained
Hermès,FR,EUR,9,10,5300,5400,100,1.89,adjacent sorted numeric SKU observations; duplicate prices retained
Hermès,FR,EUR,10,11,5400,5600,200,3.70,adjacent sorted numeric SKU observations; duplicate prices retained
Hermès,FR,EUR,11,12,5600,5600,0,0,adjacent sorted numeric SKU observations; duplicate prices retained
Hermès,FR,EUR,12,13,5600,5650,50,0.89,adjacent sorted numeric SKU observations; duplicate prices retained
Hermès,FR,EUR,13,14,5650,5750,100,1.77,adjacent sorted numeric SKU observations; duplicate prices retained
Hermès,FR,EUR,14,15,5750,5900,150,2.61,adjacent sorted numeric SKU observations; duplicate prices retained
Hermès,FR,EUR,15,16,5900,6850,950,16.10,adjacent sorted numeric SKU observations; duplicate prices retained
Hermès,FR,EUR,16,17,6850,7150,300,4.38,adjacent sorted numeric SKU observations; duplicate prices retained
Hermès,FR,EUR,17,18,7150,8150,1000,13.99,adjacent sorted numeric SKU observations; duplicate prices retained
Hermès,FR,EUR,18,19,8150,8900,750,9.20,adjacent sorted numeric SKU observations; duplicate prices retained
Hermès,FR,EUR,19,20,8900,9100,200,2.25,adjacent sorted numeric SKU observations; duplicate prices retained
Hermès,US,USD,1,2,3075,3975,900,29.27,adjacent sorted numeric SKU observations; duplicate prices retained
Hermès,US,USD,2,3,3975,3975,0,0,adjacent sorted numeric SKU observations; duplicate prices retained
Hermès,US,USD,3,4,3975,4550,575,14.47,adjacent sorted numeric SKU observations; duplicate prices retained
Hermès,US,USD,4,5,4550,4550,0,0,adjacent sorted numeric SKU observations; duplicate prices retained
Hermès,US,USD,5,6,4550,4750,200,4.40,adjacent sorted numeric SKU observations; duplicate prices retained
Hermès,US,USD,6,7,4750,5450,700,14.74,adjacent sorted numeric SKU observations; duplicate prices retained
Hermès,US,USD,7,8,5450,5450,0,0,adjacent sorted numeric SKU observations; duplicate prices retained
Hermès,US,USD,8,9,5450,5500,50,0.92,adjacent sorted numeric SKU observations; duplicate prices retained
Hermès,US,USD,9,10,5500,5500,0,0,adjacent sorted numeric SKU observations; duplicate prices retained
Hermès,US,USD,10,11,5500,5500,0,0,adjacent sorted numeric SKU observations; duplicate prices retained
Hermès,US,USD,11,12,5500,5500,0,0,adjacent sorted numeric SKU observations; duplicate prices retained
Hermès,US,USD,12,13,5500,5550,50,0.91,adjacent sorted numeric SKU observations; duplicate prices retained
Hermès,US,USD,13,14,5550,5850,300,5.41,adjacent sorted numeric SKU observations; duplicate prices retained
Hermès,US,USD,14,15,5850,6850,1000,17.09,adjacent sorted numeric SKU observations; duplicate prices retained
Hermès,US,USD,15,16,6850,7650,800,11.68,adjacent sorted numeric SKU observations; duplicate prices retained
Hermès,US,USD,16,17,7650,8550,900,11.76,adjacent sorted numeric SKU observations; duplicate prices retained
Hermès,US,USD,17,18,8550,9350,800,9.36,adjacent sorted numeric SKU observations; duplicate prices retained
Hermès,US,USD,18,19,9350,11100,1750,18.72,adjacent sorted numeric SKU observations; duplicate prices retained
Hermès,US,USD,19,20,11100,13200,2100,18.92,adjacent sorted numeric SKU observations; duplicate prices retained
Louis Vuitton,FR,EUR,1,2,1800,2000,200,11.11,adjacent sorted numeric SKU observations; duplicate prices retained
Louis Vuitton,FR,EUR,2,3,2000,2000,0,0,adjacent sorted numeric SKU observations; duplicate prices retained
Louis Vuitton,FR,EUR,3,4,2000,2000,0,0,adjacent sorted numeric SKU observations; duplicate prices retained
Louis Vuitton,FR,EUR,4,5,2000,2200,200,10,adjacent sorted numeric SKU observations; duplicate prices retained
Louis Vuitton,FR,EUR,5,6,2200,2400,200,9.09,adjacent sorted numeric SKU observations; duplicate prices retained
Louis Vuitton,FR,EUR,6,7,2400,2600,200,8.33,adjacent sorted numeric SKU observations; duplicate prices retained
Louis Vuitton,FR,EUR,7,8,2600,2650,50,1.92,adjacent sorted numeric SKU observations; duplicate prices retained
Louis Vuitton,FR,EUR,8,9,2650,2650,0,0,adjacent sorted numeric SKU observations; duplicate prices retained
Louis Vuitton,FR,EUR,9,10,2650,2800,150,5.66,adjacent sorted numeric SKU observations; duplicate prices retained
Louis Vuitton,FR,EUR,10,11,2800,2800,0,0,adjacent sorted numeric SKU observations; duplicate prices retained
Louis Vuitton,FR,EUR,11,12,2800,2900,100,3.57,adjacent sorted numeric SKU observations; duplicate prices retained
Louis Vuitton,FR,EUR,12,13,2900,3200,300,10.34,adjacent sorted numeric SKU observations; duplicate prices retained
Louis Vuitton,FR,EUR,13,14,3200,3200,0,0,adjacent sorted numeric SKU observations; duplicate prices retained
Louis Vuitton,FR,EUR,14,15,3200,3200,0,0,adjacent sorted numeric SKU observations; duplicate prices retained
Louis Vuitton,FR,EUR,15,16,3200,3500,300,9.38,adjacent sorted numeric SKU observations; duplicate prices retained
Louis Vuitton,FR,EUR,16,17,3500,3600,100,2.86,adjacent sorted numeric SKU observations; duplicate prices retained
Louis Vuitton,FR,EUR,17,18,3600,3600,0,0,adjacent sorted numeric SKU observations; duplicate prices retained
Louis Vuitton,FR,EUR,18,19,3600,3700,100,2.78,adjacent sorted numeric SKU observations; duplicate prices retained
Louis Vuitton,FR,EUR,19,20,3700,3800,100,2.70,adjacent sorted numeric SKU observations; duplicate prices retained
Louis Vuitton,US,USD,1,2,1950,2000,50,2.56,adjacent sorted numeric SKU observations; duplicate prices retained
Louis Vuitton,US,USD,2,3,2000,2020,20,1,adjacent sorted numeric SKU observations; duplicate prices retained
Louis Vuitton,US,USD,3,4,2020,2170,150,7.43,adjacent sorted numeric SKU observations; duplicate prices retained
Louis Vuitton,US,USD,4,5,2170,2210,40,1.84,adjacent sorted numeric SKU observations; duplicate prices retained
Louis Vuitton,US,USD,5,6,2210,2230,20,0.90,adjacent sorted numeric SKU observations; duplicate prices retained
Louis Vuitton,US,USD,6,7,2230,2240,10,0.45,adjacent sorted numeric SKU observations; duplicate prices retained
Louis Vuitton,US,USD,7,8,2240,2470,230,10.27,adjacent sorted numeric SKU observations; duplicate prices retained
Louis Vuitton,US,USD,8,9,2470,2480,10,0.40,adjacent sorted numeric SKU observations; duplicate prices retained
Louis Vuitton,US,USD,9,10,2480,2480,0,0,adjacent sorted numeric SKU observations; duplicate prices retained
Louis Vuitton,US,USD,10,11,2480,2480,0,0,adjacent sorted numeric SKU observations; duplicate prices retained
Louis Vuitton,US,USD,11,12,2480,2700,220,8.87,adjacent sorted numeric SKU observations; duplicate prices retained
Louis Vuitton,US,USD,12,13,2700,2700,0,0,adjacent sorted numeric SKU observations; duplicate prices retained
Louis Vuitton,US,USD,13,14,2700,2850,150,5.56,adjacent sorted numeric SKU observations; duplicate prices retained
Louis Vuitton,US,USD,14,15,2850,2850,0,0,adjacent sorted numeric SKU observations; duplicate prices retained
Louis Vuitton,US,USD,15,16,2850,2860,10,0.35,adjacent sorted numeric SKU observations; duplicate prices retained
Louis Vuitton,US,USD,16,17,2860,2890,30,1.05,adjacent sorted numeric SKU observations; duplicate prices retained
Louis Vuitton,US,USD,17,18,2890,2940,50,1.73,adjacent sorted numeric SKU observations; duplicate prices retained
Louis Vuitton,US,USD,18,19,2940,3550,610,20.75,adjacent sorted numeric SKU observations; duplicate prices retained
Louis Vuitton,US,USD,19,20,3550,4150,600,16.90,adjacent sorted numeric SKU observations; duplicate prices retained
Dior,FR,EUR,1,2,3000,3100,100,3.33,adjacent sorted numeric SKU observations; duplicate prices retained
Dior,FR,EUR,2,3,3100,3100,0,0,adjacent sorted numeric SKU observations; duplicate prices retained
Dior,FR,EUR,3,4,3100,3100,0,0,adjacent sorted numeric SKU observations; duplicate prices retained
Dior,FR,EUR,4,5,3100,3200,100,3.23,adjacent sorted numeric SKU observations; duplicate prices retained
Dior,FR,EUR,5,6,3200,3200,0,0,adjacent sorted numeric SKU observations; duplicate prices retained
Dior,FR,EUR,6,7,3200,3250,50,1.56,adjacent sorted numeric SKU observations; duplicate prices retained
Dior,FR,EUR,7,8,3250,3400,150,4.62,adjacent sorted numeric SKU observations; duplicate prices retained
Dior,FR,EUR,8,9,3400,3400,0,0,adjacent sorted numeric SKU observations; duplicate prices retained
Dior,FR,EUR,9,10,3400,3450,50,1.47,adjacent sorted numeric SKU observations; duplicate prices retained
Dior,FR,EUR,10,11,3450,3450,0,0,adjacent sorted numeric SKU observations; duplicate prices retained
Dior,FR,EUR,11,12,3450,3500,50,1.45,adjacent sorted numeric SKU observations; duplicate prices retained
Dior,FR,EUR,12,13,3500,3600,100,2.86,adjacent sorted numeric SKU observations; duplicate prices retained
Dior,FR,EUR,13,14,3600,3650,50,1.39,adjacent sorted numeric SKU observations; duplicate prices retained
Dior,FR,EUR,14,15,3650,3650,0,0,adjacent sorted numeric SKU observations; duplicate prices retained
Dior,FR,EUR,15,16,3650,3700,50,1.37,adjacent sorted numeric SKU observations; duplicate prices retained
Dior,FR,EUR,16,17,3700,3800,100,2.70,adjacent sorted numeric SKU observations; duplicate prices retained
Dior,FR,EUR,17,18,3800,3850,50,1.32,adjacent sorted numeric SKU observations; duplicate prices retained
Dior,FR,EUR,18,19,3850,4500,650,16.88,adjacent sorted numeric SKU observations; duplicate prices retained
Dior,US,USD,1,2,3600,3700,100,2.78,adjacent sorted numeric SKU observations; duplicate prices retained
Dior,US,USD,2,3,3700,3700,0,0,adjacent sorted numeric SKU observations; duplicate prices retained
Dior,US,USD,3,4,3700,3900,200,5.41,adjacent sorted numeric SKU observations; duplicate prices retained
Dior,US,USD,4,5,3900,3900,0,0,adjacent sorted numeric SKU observations; duplicate prices retained
Dior,US,USD,5,6,3900,4000,100,2.56,adjacent sorted numeric SKU observations; duplicate prices retained
Dior,US,USD,6,7,4000,4000,0,0,adjacent sorted numeric SKU observations; duplicate prices retained
Dior,US,USD,7,8,4000,4000,0,0,adjacent sorted numeric SKU observations; duplicate prices retained
Dior,US,USD,8,9,4000,4100,100,2.50,adjacent sorted numeric SKU observations; duplicate prices retained
Dior,US,USD,9,10,4100,4400,300,7.32,adjacent sorted numeric SKU observations; duplicate prices retained
Dior,US,USD,10,11,4400,4400,0,0,adjacent sorted numeric SKU observations; duplicate prices retained
Dior,US,USD,11,12,4400,4500,100,2.27,adjacent sorted numeric SKU observations; duplicate prices retained
Dior,US,USD,12,13,4500,5200,700,15.56,adjacent sorted numeric SKU observations; duplicate prices retained
