brand,market,product_family,observations,numeric,numeric_share,minimum,p25,median,p75,maximum
CHANEL,FR,Bowling Bag,2,2,100.0%,5800,5900,6000,6100,6200
CHANEL,FR,Classic 11.12,9,6,66.7%,10000,10125,10500,10500,12250
CHANEL,FR,Mini Classic,2,2,100.0%,4850,4900,4950,5000,5050
CHANEL,FR,Shopping Bag,6,6,100.0%,4900,5650,5900,6375,6700
CHANEL,FR,Small Classic,1,1,100.0%,10100,10100,10100,10100,10100
CHANEL,US,Bowling Bag,2,2,100.0%,6500,6600,6700,6800,6900
CHANEL,US,Classic 11.12,9,6,66.7%,11000,11175,11700,11700,13500
CHANEL,US,Mini Classic,2,2,100.0%,5400,5450,5500,5550,5600
CHANEL,US,Shopping Bag,7,7,100.0%,5500,6200,6600,7000,7400
CHANEL,US,Small Classic,1,1,100.0%,11300,11300,11300,11300,11300
Hermès,FR,Balusoie,1,1,100.0%,2170,2170,2170,2170,2170
Hermès,FR,Della Cavalleria mini II,1,1,100.0%,5400,5400,5400,5400,5400
Hermès,FR,Della Cavalleria Élan,1,1,100.0%,5900,5900,5900,5900,5900
Hermès,FR,En Piste,1,1,100.0%,5300,5300,5300,5300,5300
Hermès,FR,Geta,1,1,100.0%,5300,5300,5300,5300,5300
Hermès,FR,Jypsière,1,1,100.0%,6850,6850,6850,6850,6850
Hermès,FR,Mini Médor,1,1,100.0%,4650,4650,4650,4650,4650
Hermès,FR,Médor Clous,1,1,100.0%,8150,8150,8150,8150,8150
Hermès,FR,Néo Double Sens,1,1,100.0%,4050,4050,4050,4050,4050
Hermès,FR,Néo Médor,1,1,100.0%,9100,9100,9100,9100,9100
Hermès,FR,P'tit Arçon,1,1,100.0%,3950,3950,3950,3950,3950
Hermès,FR,Petit Tour,1,1,100.0%,8900,8900,8900,8900,8900
Hermès,FR,Petite Course,1,1,100.0%,4150,4150,4150,4150,4150
Hermès,FR,Plume,1,1,100.0%,5650,5650,5650,5650,5650
Hermès,FR,Poche Cliquetis,2,2,100.0%,5600,5600,5600,5600,5600
Hermès,FR,Roulis,1,1,100.0%,7150,7150,7150,7150,7150
Hermès,FR,Victoria,1,1,100.0%,5750,5750,5750,5750,5750
Hermès,FR,Videpoches,2,2,100.0%,3300,3425,3550,3675,3800
Hermès,US,Della Cavalleria Elan,1,1,100.0%,8550,8550,8550,8550,8550
Hermès,US,Geta,1,1,100.0%,7650,7650,7650,7650,7650
Hermès,US,Hac a Dos,1,1,100.0%,13200,13200,13200,13200,13200
Hermès,US,Herbag,2,2,100.0%,4550,4550,4550,4550,4550
Hermès,US,Horseback,1,1,100.0%,6850,6850,6850,6850,6850
Hermès,US,Jypsière,1,1,100.0%,9350,9350,9350,9350,9350
Hermès,US,Kelly depeches,1,1,100.0%,11100,11100,11100,11100,11100
Hermès,US,Neo Garden Voyage,2,2,100.0%,5450,5450,5450,5450,5450
Hermès,US,P'tit Arçon,1,1,100.0%,5550,5550,5550,5550,5550
Hermès,US,Silkycity,1,1,100.0%,3075,3075,3075,3075,3075
Hermès,US,Tablier Sellier,1,1,100.0%,5850,5850,5850,5850,5850
Hermès,US,Videpoches,7,7,100.0%,3975,4362.50,5500,5500,5500
Louis Vuitton,FR,Alma,2,2,100.0%,2800,2800,2800,2800,2800
Louis Vuitton,FR,Bundle Trunk,2,2,100.0%,3200,3200,3200,3200,3200
Louis Vuitton,FR,Express,3,3,100.0%,3500,3600,3700,3750,3800
Louis Vuitton,FR,Multipass,6,6,100.0%,1800,2000,2000,2487.50,2650
Louis Vuitton,FR,OnTheGo,1,1,100.0%,2900,2900,2900,2900,2900
Louis Vuitton,FR,Side Trunk,1,1,100.0%,3600,3600,3600,3600,3600
Louis Vuitton,FR,Speedy,4,4,100.0%,2400,2550,2900,3300,3600
Louis Vuitton,FR,Squire,1,1,100.0%,2200,2200,2200,2200,2200
Louis Vuitton,US,Alma,1,1,100.0%,2000,2000,2000,2000,2000
Louis Vuitton,US,Boulogne,1,1,100.0%,2700,2700,2700,2700,2700
Louis Vuitton,US,CarryAll,1,1,100.0%,2940,2940,2940,2940,2940
Louis Vuitton,US,Diane,1,1,100.0%,2700,2700,2700,2700,2700
Louis Vuitton,US,Frivole,1,1,100.0%,2210,2210,2210,2210,2210
Louis Vuitton,US,Hang On,1,1,100.0%,2850,2850,2850,2850,2850
Louis Vuitton,US,High Rise,1,1,100.0%,2020,2020,2020,2020,2020
Louis Vuitton,US,Liv,1,1,100.0%,1950,1950,1950,1950,1950
Louis Vuitton,US,Madeleine,1,1,100.0%,2170,2170,2170,2170,2170
Louis Vuitton,US,Marelle,1,1,100.0%,2890,2890,2890,2890,2890
Louis Vuitton,US,Multipass,5,5,100.0%,2230,2480,2480,2480,2850
Louis Vuitton,US,Neverfull,1,1,100.0%,2240,2240,2240,2240,2240
Louis Vuitton,US,Speedy,2,2,100.0%,3550,3700,3850,4000,4150
Louis Vuitton,US,Squire,2,2,100.0%,2470,2567.50,2665,2762.50,2860
Dior,FR,Dior Blooming,2,2,100.0%,3100,3100,3100,3100,3100
Dior,FR,Dior Book Tote,3,3,100.0%,3250,3425,3600,3625,3650
Dior,FR,Dior Bow,1,1,100.0%,3700,3700,3700,3700,3700
Dior,FR,Dior Médaillon,3,3,100.0%,3200,3325,3450,3475,3500
Dior,FR,Dior Promenade,4,4,100.0%,3000,3300,3400,3500,3800
Dior,FR,Dior Toujours,4,3,75.0%,3100,3150,3200,3325,3450
Dior,FR,Diorly,2,2,100.0%,3850,4012.50,4175,4337.50,4500
Dior,FR,Saddle,1,1,100.0%,3650,3650,3650,3650,3650
Dior,US,Dior Blooming,2,2,100.0%,3700,3700,3700,3700,3700
Dior,US,Dior Book Tote,3,1,33.3%,3900,3900,3900,3900,3900
Dior,US,Dior Bow,1,1,100.0%,4400,4400,4400,4400,4400
Dior,US,Dior Médaillon,3,1,33.3%,4000,4000,4000,4000,4000
Dior,US,Dior Promenade,4,4,100.0%,3600,3900,4000,4125,4500
Dior,US,Dior Toujours,4,2,50.0%,3900,3950,4000,4050,4100
Dior,US,Diorly,2,1,50.0%,5200,5200,5200,5200,5200
Dior,US,Saddle,1,1,100.0%,4400,4400,4400,4400,4400
