brand,product_lineage_id,product_family,market,currency,lineage_continuity_status,calculation_scope,earliest_observation,earliest_price,latest_observation,latest_price,n_numeric_observations,n_conflict_rows_excluded,elapsed_years,absolute_change,cumulative_change_pct,n_event_rows_in_file,n_positive_event_rows,n_non_conflict_positive_event_rows,source_confidence_mix,calculation_confidence,headline_use,lineage_note
Chanel,CH-C01,Classic 11.12,FR,EUR,SAME_MODEL_CONTINUOUS,same_model_comparable,2022,8990.00,2026-08-15,10500.00,4,0,4.619,1510.00,16.80,2,2,2,HIGH+MEDIUM,MEDIUM,headline_eligible,France historical series is usable. US historical coverage not found in the accepted sources; current US anchor retained.
Chanel,CH-C02,Small Classic,FR,EUR,SAME_MODEL_CONTINUOUS,same_model_comparable,2022,8450.00,2026-08-15,10100.00,4,0,4.619,1650.00,19.53,2,2,2,HIGH+MEDIUM,MEDIUM,headline_eligible,France historical series is usable. US historical coverage not found in the accepted sources; current US anchor retained.
Chanel,CH-C03,Mini Classic,FR,EUR,SAME_MODEL_CONTINUOUS,same_model_comparable,2020,3350.00,2026-08-15,4850.00,5,0,6.620,1500.00,44.78,3,3,3,HIGH+MEDIUM,MEDIUM,headline_eligible,France historical series is usable. US historical coverage not found in the accepted sources; current US anchor retained.
Chanel,CH-C04,Mini Classic,FR,EUR,SAME_MODEL_CONTINUOUS,same_model_comparable,2022,4350.00,2026-08-15,5050.00,4,0,4.619,700.00,16.09,2,2,2,HIGH+MEDIUM,MEDIUM,headline_eligible,France historical series is usable. US historical coverage not found in the accepted sources; current US anchor retained.
Dior,DI-D01,Saddle,US,USD,MODEL_SUCCESSOR,successor_directional,2022,4200.00,2026-08-15,4400.00,3,0,4.619,200.00,4.76,1,1,1,HIGH+MEDIUM,MEDIUM-LOW,directional_or_sensitivity_only,US historical series is usable for 2022–2023 with size/material caveat; France current anchor retained.
Dior,DI-D02,Dior Book Tote,FR,EUR,MODEL_SUCCESSOR,successor_directional,2024,2600.00,2026-08-15,3250.00,2,0,2.620,650.00,25.00,1,1,1,HIGH+MEDIUM,MEDIUM-LOW,directional_or_sensitivity_only,Material/version difference is documented; do not treat as exact-SKU continuity.
Dior,DI-D02,Dior Book Tote,US,USD,MODEL_SUCCESSOR,successor_directional,2024,3250.00,2026-08-15,3900.00,2,0,2.620,650.00,20.00,1,1,1,HIGH+MEDIUM,MEDIUM-LOW,directional_or_sensitivity_only,Material/version difference is documented; do not treat as exact-SKU continuity.
Dior,DI-D03,Dior Book Tote,FR,EUR,MODEL_SUCCESSOR,successor_directional,2024,2700.00,2026-08-15,3650.00,2,0,2.620,950.00,35.19,1,1,1,HIGH+MEDIUM,MEDIUM-LOW,directional_or_sensitivity_only,France current anchor is numeric; US current price was unresolved in the supplied current capture.
Dior,DI-D03,Dior Book Tote,US,USD,MODEL_SUCCESSOR,successor_directional,2019,2700.00,2024,3350.00,5,0,5.000,650.00,24.07,3,3,3,MEDIUM,MEDIUM-LOW,directional_or_sensitivity_only,France current anchor is numeric; US current price was unresolved in the supplied current capture.
Hermès,HM-H01,Geta,FR,EUR,SAME_MODEL_CONTINUOUS,same_model_comparable,2022,4550.00,2026-08-15,5300.00,3,2,4.619,750.00,16.48,2,2,1,HIGH+MEDIUM,MEDIUM,directional_or_sensitivity_only,"France includes a 2023 source conflict (4,550 vs 5,550 EUR); both are retained. US historical coverage is available for 2023–2024."
Hermès,HM-H01,Geta,US,USD,SAME_MODEL_CONTINUOUS,same_model_comparable,2023,5950.00,2026-08-15,7650.00,3,0,3.619,1700.00,28.57,1,1,1,HIGH+MEDIUM,MEDIUM,headline_eligible,"France includes a 2023 source conflict (4,550 vs 5,550 EUR); both are retained. US historical coverage is available for 2023–2024."
Hermès,HM-H02,Jypsière,FR,EUR,MODEL_SUCCESSOR,successor_directional,2023,5500.00,2026-08-15,6850.00,3,0,3.619,1350.00,24.55,1,1,1,HIGH+MEDIUM,MEDIUM-LOW,directional_or_sensitivity_only,France historical series is usable for 2023–2024. US current anchor retained but historical US coverage not found.
Louis Vuitton,LV-L01,Speedy,FR,EUR,MODEL_SUCCESSOR,successor_directional,2021,1180.00,2026-08-15,3200.00,5,0,5.618,2020.00,171.19,3,3,3,HIGH+MEDIUM,MEDIUM-LOW,directional_or_sensitivity_only,"Model continuity is strong, but current special-canvas version is not treated as an exact SKU."
Louis Vuitton,LV-L01,Speedy,US,USD,MODEL_SUCCESSOR,successor_directional,2021,1650.00,2026-08-15,4150.00,4,0,5.618,2500.00,151.52,2,1,1,HIGH+MEDIUM,MEDIUM-LOW,directional_or_sensitivity_only,"Model continuity is strong, but current special-canvas version is not treated as an exact SKU."
Louis Vuitton,LV-L02,Speedy,FR,EUR,SAME_MODEL_CONTINUOUS,same_model_comparable,2022,1960.00,2026-08-15,2400.00,3,0,4.619,440.00,22.45,1,1,1,HIGH+MEDIUM,MEDIUM,headline_eligible,France-only current anchor in the supplied dataset; US historical/current match not accepted.
Louis Vuitton,LV-L03,Alma,FR,EUR,MODEL_SUCCESSOR,successor_directional,2021,1100.00,2026-08-15,2800.00,5,0,5.618,1700.00,154.55,3,3,3,HIGH+MEDIUM,MEDIUM-LOW,directional_or_sensitivity_only,Both FR and US historical prices are retained with material/version caveat.
Louis Vuitton,LV-L03,Alma,US,USD,MODEL_SUCCESSOR,successor_directional,2021,1480.00,2026-08-15,2000.00,4,0,5.618,520.00,35.14,2,2,2,HIGH+MEDIUM,MEDIUM-LOW,directional_or_sensitivity_only,Both FR and US historical prices are retained with material/version caveat.
Louis Vuitton,LV-L04,Neverfull,FR,EUR,SAME_MODEL_CONTINUOUS,same_model_comparable,2021,1150.00,2023,1500.00,3,0,2.000,350.00,30.43,2,1,1,MEDIUM,MEDIUM,headline_eligible,Current France anchor was not present in the supplied current capture; France historical observations are retained and marked current-FR anchor incomplete.
Louis Vuitton,LV-L04,Neverfull,US,USD,SAME_MODEL_CONTINUOUS,same_model_comparable,2021,1540.00,2026-08-15,2240.00,4,0,5.618,700.00,45.45,2,1,1,HIGH+MEDIUM,MEDIUM,headline_eligible,Current France anchor was not present in the supplied current capture; France historical observations are retained and marked current-FR anchor incomplete.
